currency,currency code,gender,race,job title,car model year,car make,car model,price
Yuan Renminbi,CNY,Female,Guatemalan,Legal Assistant,2004,Hyundai,Elantra,"236,898 Yuan Renminbi"
Rupiah,IDR,Female,Latin American Indian,Assistant Media Planner,2004,BMW,M3,"17,343 Rupiah"
Yuan Renminbi,CNY,Female,Navajo,Paralegal,1991,Volkswagen,Type 2,"295,131 Yuan Renminbi"
Yen,JPY,Male,Aleut,Office Assistant IV,2002,Jaguar,XJ Series,"035,773 Yen"
Hryvnia,UAH,Male,Asian,Accounting Assistant II,2004,Toyota,Corolla,"93,482 Hryvnia"
Yuan Renminbi,CNY,Female,Menominee,Technical Writer,1981,Mercedes-Benz,W126,"98,907 Yuan Renminbi"
Euro,EUR,Female,Japanese,Dental Hygienist,1996,GMC,Sonoma,"810,318 Euro"
Ringgit,MYR,Female,Menominee,Assistant Professor,2008,Saab,5-Sep,"19,809 Ringgit"
Ruble,RUB,Male,Mexican,Programmer II,1992,Honda,Accord,"7,304 Ruble"
Zloty,PLN,Female,Potawatomi,Quality Engineer,2011,GMC,Savana 3500,"81,485 Zloty"
Euro,EUR,Female,Iroquois,Research Assistant IV,2004,Chevrolet,Suburban 1500,"1,268 Euro"
Pound,EGP,Female,Blackfeet,Account Representative II,1993,Mercury,Tracer,"39,461 Pound"
Real,BRL,Male,Korean,Chief Design Engineer,2002,Oldsmobile,Aurora,"0,050 Real"
Peso,PHP,Male,Ute,Sales Associate,2009,Cadillac,XLR,"4,288 Peso"
Yuan Renminbi,CNY,Female,Thai,Junior Executive,1997,Nissan,Quest,"273,104 Yuan Renminbi"
Ruble,BYR,Male,Tlingit-Haida,Senior Cost Accountant,2013,Chevrolet,Cruze,"40,296 Ruble"
Rupiah,IDR,Male,Argentinian,Marketing Assistant,2000,Hyundai,Accent,"950,076 Rupiah"
Pound,SSP,Female,Bangladeshi,Food Chemist,2004,Mitsubishi,Challenger,"06,753 Pound"
Euro,EUR,Male,Honduran,Senior Developer,2009,Bentley,Continental GT,"8,355 Euro"
Euro,EUR,Male,Cree,General Manager,2004,Lexus,GS,"4,025 Euro"
Krona,SEK,Female,South American,Chief Design Engineer,1997,Land Rover,Defender,"6,799 Krona"
Krona,SEK,Male,Chilean,GIS Technical Architect,2007,Rolls-Royce,Phantom,"73,577 Krona"
Yen,JPY,Male,Indonesian,Civil Engineer,1964,Ford,Galaxie,"584,705 Yen"
Ruble,RUB,Female,Argentinian,Community Outreach Specialist,2002,Acura,TL,"103,136 Ruble"
Dollar,CAD,Female,Paraguayan,Media Manager I,1986,Subaru,Leone,"321,868 Dollar"
Colon,CRC,Female,Colville,Accounting Assistant I,2004,Isuzu,Rodeo,"679,510 Colon"
Shilling,KES,Female,Asian Indian,Quality Control Specialist,1958,Chevrolet,Corvette,"341,842 Shilling"
Afghani,AFN,Female,Paiute,Geological Engineer,2001,Pontiac,Firebird,"8,861 Afghani"
Hryvnia,UAH,Male,Seminole,Quality Engineer,2009,Infiniti,QX,"454,404 Hryvnia"
Dollar,CAD,Female,Paraguayan,Account Executive,2001,Chevrolet,Impala,"29,742 Dollar"
Zloty,PLN,Female,Alaska Native,Account Coordinator,1993,Cadillac,Sixty Special,"53,420 Zloty"
Yuan Renminbi,CNY,Female,Chamorro,General Manager,1993,Isuzu,Space,"301,606 Yuan Renminbi"
Euro,EUR,Male,Colombian,Account Executive,1990,Maserati,Karif,"07,338 Euro"
Peso,COP,Male,Creek,Project Manager,1993,Nissan,Altima,"623,809 Peso"
Euro,EUR,Male,Lumbee,General Manager,1997,Lincoln,Town Car,"0,813 Euro"
Yuan Renminbi,CNY,Female,Osage,Analyst Programmer,2013,Lincoln,MKS,"96,369 Yuan Renminbi"
Zloty,PLN,Female,Iroquois,Cost Accountant,1988,Buick,Skyhawk,"6,655 Zloty"
Baht,THB,Female,American Indian,Help Desk Technician,1997,Lincoln,Town Car,"3,769 Baht"
Real,BRL,Male,Houma,Senior Financial Analyst,1984,Mercedes-Benz,SL-Class,"908,231 Real"
Rial,IRR,Female,Argentinian,Statistician II,1984,Mercedes-Benz,W201,"93,286 Rial"
Baht,THB,Female,Pima,Staff Scientist,2005,Mercury,Sable,"681,920 Baht"
Shilling,TZS,Female,Guamanian,Environmental Tech,2002,Acura,NSX,"373,561 Shilling"
Ruble,RUB,Female,Dominican (Dominican Republic),Speech Pathologist,2012,Lincoln,MKZ,"665,280 Ruble"
Naira,NGN,Male,Mexican,Registered Nurse,1990,Mercedes-Benz,W201,"976,118 Naira"
Yuan Renminbi,CNY,Female,Fijian,Assistant Media Planner,2004,Ford,Crown Victoria,"70,042 Yuan Renminbi"
Euro,EUR,Female,Iroquois,VP Quality Control,1992,Isuzu,Impulse,"21,990 Euro"
Real,BRL,Female,Puerto Rican,Marketing Manager,2010,Porsche,Cayenne,"4,883 Real"
Euro,EUR,Male,Spaniard,Health Coach III,2006,Nissan,Armada,"485,866 Euro"
Ruble,RUB,Male,Malaysian,Electrical Engineer,2010,Chevrolet,Suburban 1500,"629,164 Ruble"
Euro,EUR,Female,Cherokee,Developer IV,2003,Volvo,C70,"4,574 Euro"
Yen,JPY,Male,Choctaw,Accounting Assistant II,1993,Nissan,Pathfinder,"694,999 Yen"
Real,BRL,Male,Blackfeet,Analyst Programmer,2006,Mazda,RX-8,"6,021 Real"
Krona,SEK,Male,Osage,Analyst Programmer,2002,Kia,Sedona,"681,637 Krona"
Euro,EUR,Male,Sri Lankan,Physical Therapy Assistant,2002,Jeep,Liberty,"3,103 Euro"
Ruble,RUB,Female,Chilean,Graphic Designer,1992,Ford,Econoline E350,"314,983 Ruble"
Peso,COP,Male,Cherokee,Product Engineer,1988,Mitsubishi,Galant,"878,434 Peso"
Rupiah,IDR,Female,Asian,Senior Financial Analyst,2005,Jaguar,S-Type,"11,084 Rupiah"
Yuan Renminbi,CNY,Male,Latin American Indian,Associate Professor,2004,Volvo,S80,"68,645 Yuan Renminbi"
Yuan Renminbi,CNY,Female,Aleut,Data Coordiator,1991,Pontiac,Sunbird,"70,285 Yuan Renminbi"
Rupiah,IDR,Male,Japanese,Technical Writer,2001,Volkswagen,Golf,"208,764 Rupiah"
Krona,SEK,Male,American Indian and Alaska Native (AIAN),Structural Engineer,2001,Audi,S8,"936,360 Krona"
Ringgit,MYR,Male,Shoshone,Nurse,2003,Acura,CL,"262,092 Ringgit"
Pound,SYP,Male,Chickasaw,Marketing Assistant,1996,Dodge,Neon,"478,279 Pound"
Peso,PHP,Male,Yaqui,Environmental Tech,2004,Buick,LeSabre,"42,844 Peso"
Yuan Renminbi,CNY,Male,Native Hawaiian,Nuclear Power Engineer,2010,Toyota,Highlander,"3,830 Yuan Renminbi"
Euro,EUR,Male,Nicaraguan,Media Manager IV,2006,Acura,MDX,"479,672 Euro"
Kuna,HRK,Male,Cambodian,Human Resources Assistant III,1998,GMC,3500,"65,735 Kuna"
Yuan Renminbi,CNY,Female,Venezuelan,Research Assistant III,2005,Acura,MDX,"71,759 Yuan Renminbi"
Krona,SEK,Female,Taiwanese,Web Designer III,2010,Chrysler,Sebring,"643,684 Krona"
Yuan Renminbi,CNY,Male,Tlingit-Haida,Automation Specialist III,2003,Ford,Expedition,"37,159 Yuan Renminbi"
Ruble,RUB,Female,Pakistani,Associate Professor,1967,Pontiac,Firebird,"359,929 Ruble"
Yuan Renminbi,CNY,Male,Argentinian,Executive Secretary,1998,Porsche,Boxster,"5,054 Yuan Renminbi"
Yuan Renminbi,CNY,Female,Cree,Data Coordiator,1994,Buick,Regal,"82,855 Yuan Renminbi"
Naira,NGN,Male,Panamanian,Occupational Therapist,2004,Dodge,Caravan,"98,563 Naira"
Yuan Renminbi,CNY,Male,Tlingit-Haida,VP Quality Control,1981,Dodge,Aries,"766,331 Yuan Renminbi"
Yuan Renminbi,CNY,Female,Choctaw,Civil Engineer,2001,Volvo,V70,"79,587 Yuan Renminbi"
Yuan Renminbi,CNY,Female,Pima,Financial Advisor,2011,Mitsubishi,Eclipse,"227,476 Yuan Renminbi"
Euro,EUR,Female,Pima,Librarian,2012,Kia,Optima,"6,102 Euro"
Yuan Renminbi,CNY,Male,Apache,Account Executive,1998,Dodge,Dakota,"70,225 Yuan Renminbi"
Rupiah,IDR,Male,Lumbee,Geological Engineer,2012,Mercedes-Benz,CL-Class,"1,659 Rupiah"
Yuan Renminbi,CNY,Female,Ecuadorian,Payment Adjustment Coordinator,2013,Toyota,Land Cruiser,"2,832 Yuan Renminbi"
Zloty,PLN,Male,Native Hawaiian and Other Pacific Islander (NHPI),Account Coordinator,2002,Honda,S2000,"5,251 Zloty"
Ruble,RUB,Male,Filipino,Sales Associate,2006,Acura,TSX,"2,416 Ruble"
Yuan Renminbi,CNY,Male,Vietnamese,Research Assistant II,2012,Aston Martin,V12 Vantage,"4,300 Yuan Renminbi"
Peso,PHP,Female,Yaqui,Research Assistant IV,2009,Audi,S5,"75,709 Peso"
Manat,AZN,Female,Cherokee,Executive Secretary,2012,Mercedes-Benz,E-Class,"2,967 Manat"
Dinar,BHD,Male,Peruvian,Help Desk Operator,2002,GMC,Sonoma,"2,532 Dinar"
Rupiah,IDR,Female,Menominee,Food Chemist,1992,Chrysler,LeBaron,"38,122 Rupiah"
Dong,VND,Female,Aleut,Financial Analyst,1996,Dodge,Ram Van 2500,"10,786 Dong"
Peso,COP,Male,Taiwanese,Computer Systems Analyst III,2009,Volkswagen,Jetta,"3,709 Peso"
Euro,EUR,Male,Paiute,Research Nurse,2001,Dodge,Intrepid,"6,111 Euro"
Euro,EUR,Male,Shoshone,Senior Cost Accountant,1984,Audi,5000S,"660,135 Euro"
Real,BRL,Female,Central American,Help Desk Operator,2001,GMC,Savana 2500,"4,092 Real"
Euro,EUR,Female,American Indian and Alaska Native (AIAN),Paralegal,1999,Mitsubishi,Eclipse,"0,578 Euro"
Rupiah,IDR,Male,Fijian,Nurse Practicioner,2008,Cadillac,Escalade EXT,"0,474 Rupiah"
Birr,ETB,Male,Asian,VP Product Management,2002,Chevrolet,Impala,"50,362 Birr"
Peso,PHP,Female,Honduran,Financial Analyst,2005,Hummer,H2,"554,139 Peso"
Peso,DOP,Male,Chippewa,Sales Representative,1997,Kia,Sephia,"75,682 Peso"
Zloty,PLN,Male,Kiowa,Registered Nurse,2009,Mercedes-Benz,C-Class,"38,051 Zloty"
Koruna,CZK,Female,White,VP Quality Control,1989,Mercedes-Benz,E-Class,"631,412 Koruna"
Yuan Renminbi,CNY,Male,Cheyenne,Senior Quality Engineer,2006,GMC,Yukon XL,"83,567 Yuan Renminbi"
Ruble,RUB,Male,Colombian,Director of Sales,2012,Infiniti,QX,"0,739 Ruble"
Litas,LTL,Female,Pima,Compensation Analyst,1998,Chevrolet,G-Series 1500,"7,484 Litas"
Rupiah,IDR,Male,Alaska Native,Tax Accountant,1993,Mercedes-Benz,S-Class,"35,020 Rupiah"
Pula,BWP,Female,Colombian,Community Outreach Specialist,2007,Honda,Civic,"1,434 Pula"
Zloty,PLN,Female,Japanese,Chemical Engineer,2008,GMC,Acadia,"41,698 Zloty"
Yuan Renminbi,CNY,Female,Blackfeet,Clinical Specialist,2008,Mitsubishi,Lancer Evolution,"191,366 Yuan Renminbi"
Dinar,TND,Female,Pakistani,VP Quality Control,2008,Mazda,CX-9,"173,882 Dinar"
Rupee,PKR,Male,Sioux,Director of Sales,2009,Volkswagen,R32,"2,892 Rupee"
Yuan Renminbi,CNY,Male,Houma,Graphic Designer,2003,Kia,Spectra,"015,037 Yuan Renminbi"
Peso,PHP,Male,Alaskan Athabascan,Recruiting Manager,2009,Hyundai,Accent,"074,218 Peso"
Euro,EUR,Female,Eskimo,Biostatistician III,1955,Ford,Thunderbird,"66,361 Euro"
Rupiah,IDR,Male,Osage,Environmental Specialist,2005,Toyota,Prius,"88,474 Rupiah"
Ruble,RUB,Male,Costa Rican,Senior Developer,1997,Honda,Passport,"18,575 Ruble"
Peso,DOP,Male,Black or African American,Assistant Manager,1992,Dodge,Daytona,"84,587 Peso"
Euro,EUR,Male,American Indian and Alaska Native (AIAN),Assistant Professor,1992,Ford,Mustang,"86,884 Euro"
Rupiah,IDR,Female,Hmong,Design Engineer,2008,Land Rover,Freelander,"578,904 Rupiah"
Ruble,RUB,Male,Pima,VP Marketing,2007,BMW,M6,"28,079 Ruble"
Rupiah,IDR,Female,Pima,Senior Cost Accountant,1986,Suzuki,SJ 410,"1,234 Rupiah"
Peso,COP,Female,Seminole,Programmer III,2001,Mazda,B2500,"126,800 Peso"
Franc,CHF,Male,Iroquois,Help Desk Operator,2008,Nissan,Rogue,"020,861 Franc"
Zloty,PLN,Female,Bangladeshi,Chief Design Engineer,1997,Honda,CR-V,"237,643 Zloty"
Krone,NOK,Female,White,Senior Sales Associate,2012,Lexus,IS,"92,089 Krone"
Peso,PHP,Male,Salvadoran,Compensation Analyst,2012,Nissan,Altima,"89,843 Peso"
Gourde,HTG,Male,Crow,Account Representative II,1994,Dodge,Ram,"0,074 Gourde"
Peso,ARS,Male,Costa Rican,Help Desk Technician,1964,Pontiac,LeMans,"5,064 Peso"
Yuan Renminbi,CNY,Male,South American,Chemical Engineer,2009,Pontiac,G5,"08,746 Yuan Renminbi"
Euro,EUR,Female,Dominican (Dominican Republic),Business Systems Development Analyst,2009,Jeep,Commander,"9,108 Euro"
Peso,PHP,Female,Ottawa,Office Assistant I,2010,Hummer,H3,"9,157 Peso"
Rupiah,IDR,Female,Hmong,Electrical Engineer,1992,Mercedes-Benz,600SEL,"2,082 Rupiah"
Kuna,HRK,Male,Lumbee,Administrative Officer,2012,Mitsubishi,Eclipse,"2,855 Kuna"
Rupiah,IDR,Female,Panamanian,Nurse Practicioner,2010,GMC,Yukon XL 2500,"12,960 Rupiah"
Peso,PHP,Female,Venezuelan,Web Developer II,1998,Mitsubishi,Mirage,"233,759 Peso"
Rupiah,IDR,Female,South American,Web Designer I,2000,Lexus,RX,"18,988 Rupiah"
Sol,PEN,Female,Lumbee,Dental Hygienist,2008,Ford,F250,"64,627 Sol"
Zloty,PLN,Male,Melanesian,Nurse Practicioner,1996,Chevrolet,Impala,"612,451 Zloty"
Yuan Renminbi,CNY,Female,Alaskan Athabascan,Quality Engineer,2006,Volkswagen,Touareg,"6,927 Yuan Renminbi"
Zloty,PLN,Male,Chippewa,Systems Administrator III,1992,Ford,Tempo,"45,162 Zloty"
Yuan Renminbi,CNY,Male,Korean,General Manager,2001,Cadillac,Catera,"1,198 Yuan Renminbi"
Yuan Renminbi,CNY,Female,Choctaw,Sales Associate,2003,Saab,3-Sep,"4,118 Yuan Renminbi"
Kuna,HRK,Male,Puerto Rican,Community Outreach Specialist,2001,Plymouth,Neon,"082,752 Kuna"
Krona,SEK,Male,Polynesian,Research Nurse,2005,Acura,MDX,"1,565 Krona"
Yuan Renminbi,CNY,Female,Colville,Analog Circuit Design manager,2006,Lincoln,Mark LT,"10,450 Yuan Renminbi"
Euro,EUR,Female,Paiute,Teacher,1993,GMC,Sonoma Club Coupe,"59,251 Euro"
Ariary,MGA,Male,American Indian and Alaska Native (AIAN),Nurse,1989,Subaru,Leone,"12,900 Ariary"
Euro,EUR,Male,Colombian,Assistant Media Planner,1993,Isuzu,Stylus,"403,836 Euro"
Lempira,HNL,Female,Spaniard,Assistant Media Planner,2008,Ford,E-Series,"004,706 Lempira"
Real,BRL,Female,Ottawa,Safety Technician II,1992,Dodge,Ram Wagon B350,"68,825 Real"
Franc,XPF,Female,Chippewa,Physical Therapy Assistant,1998,BMW,Z3,"77,345 Franc"
Yuan Renminbi,CNY,Female,Puget Sound Salish,Teacher,1991,Mazda,RX-7,"469,373 Yuan Renminbi"
Euro,EUR,Male,Filipino,Nurse,1994,Lexus,LS,"5,204 Euro"
Yuan Renminbi,CNY,Male,Cambodian,Software Engineer I,2007,Subaru,Legacy,"04,769 Yuan Renminbi"
Euro,EUR,Female,Tongan,Speech Pathologist,2001,Ford,Econoline E250,"0,450 Euro"
Zloty,PLN,Female,Alaska Native,Accountant IV,2000,Mercury,Grand Marquis,"62,915 Zloty"
Euro,EUR,Male,Nicaraguan,Analog Circuit Design manager,2005,Pontiac,Montana,"432,432 Euro"
Yuan Renminbi,CNY,Male,Guamanian,Marketing Manager,2012,Porsche,Panamera,"3,183 Yuan Renminbi"
Hryvnia,UAH,Male,Polynesian,Junior Executive,1989,Plymouth,Laser,"935,670 Hryvnia"
Rupiah,IDR,Male,Tongan,VP Accounting,2010,Suzuki,SX4,"4,877 Rupiah"
Dollar,USD,Female,Shoshone,Software Engineer I,1998,Volkswagen,New Beetle,"30,197 Dollar"
Yuan Renminbi,CNY,Male,Cree,Dental Hygienist,1988,Mitsubishi,Pajero,"47,084 Yuan Renminbi"
Rupiah,IDR,Male,Ecuadorian,Social Worker,2006,Lexus,ES,"827,335 Rupiah"
Yuan Renminbi,CNY,Female,Micronesian,Civil Engineer,2011,Lincoln,MKZ,"4,453 Yuan Renminbi"
Lempira,HNL,Male,South American,Senior Cost Accountant,2001,Mitsubishi,Lancer,"4,031 Lempira"
Zloty,PLN,Male,Ute,Administrative Officer,1997,Chevrolet,Camaro,"447,927 Zloty"
Peso,PHP,Male,Yaqui,Office Assistant II,1996,Buick,LeSabre,"213,746 Peso"
Manat,AZN,Female,Asian Indian,Staff Scientist,2002,Honda,Insight,"0,022 Manat"
Franc,XOF,Male,Fijian,Financial Advisor,2004,Toyota,Prius,"63,525 Franc"
Ruble,RUB,Male,Paiute,Project Manager,2004,GMC,Savana 3500,"64,614 Ruble"
Yuan Renminbi,CNY,Female,Crow,Food Chemist,2010,Lexus,IS F,"22,095 Yuan Renminbi"
Yuan Renminbi,CNY,Male,Argentinian,Research Associate,2009,Porsche,Cayman,"486,650 Yuan Renminbi"
Won,KRW,Male,Bangladeshi,Junior Executive,2002,GMC,Yukon XL 1500,"2,602 Won"
Rupiah,IDR,Male,Iroquois,Senior Financial Analyst,1988,Saab,9000,"998,729 Rupiah"
Birr,ETB,Female,Navajo,Assistant Professor,1999,Dodge,Ram 2500 Club,"634,679 Birr"
Yuan Renminbi,CNY,Female,Blackfeet,Account Representative II,1993,Mercedes-Benz,300D,"63,852 Yuan Renminbi"
Yuan Renminbi,CNY,Male,Pima,Software Engineer III,1996,Chrysler,Town & Country,"0,701 Yuan Renminbi"
Litas,LTL,Female,Costa Rican,Information Systems Manager,1992,Mitsubishi,Montero,"8,997 Litas"
Krone,NOK,Female,Costa Rican,Technical Writer,2007,Volvo,C70,"2,005 Krone"
Metical,MZN,Female,Chippewa,Budget/Accounting Analyst II,1998,GMC,Suburban 1500,"7,774 Metical"
Yen,JPY,Female,Samoan,Clinical Specialist,2009,Kia,Spectra,"74,613 Yen"
Pound,EGP,Female,Puget Sound Salish,Web Designer I,2000,Chevrolet,Tahoe,"9,631 Pound"
Yuan Renminbi,CNY,Female,Colville,Nuclear Power Engineer,2010,Hummer,H3T,"4,811 Yuan Renminbi"
Dollar,CAD,Male,Black or African American,Sales Representative,2006,Scion,xB,"83,508 Dollar"
Peso,PHP,Female,Alaskan Athabascan,Help Desk Operator,1997,Mitsubishi,Pajero,"27,903 Peso"
Lev,BGN,Female,Colville,GIS Technical Architect,1993,Dodge,Ram Van B150,"462,239 Lev"
Rial,YER,Male,Taiwanese,Geologist III,2001,Audi,TT,"5,681 Rial"
Gourde,HTG,Female,Creek,Health Coach I,2008,BMW,X6,"33,679 Gourde"
Rupiah,IDR,Female,Yakama,Director of Sales,2002,Audi,TT,"6,552 Rupiah"
Ruble,RUB,Female,Argentinian,GIS Technical Architect,2011,Scion,xD,"7,937 Ruble"
Real,BRL,Male,Laotian,Administrative Assistant I,1993,Chrysler,New Yorker,"609,839 Real"
Ouguiya,MRO,Male,Costa Rican,Executive Secretary,1999,Toyota,4Runner,"66,175 Ouguiya"
Sol,PEN,Male,Ottawa,Dental Hygienist,2011,Chevrolet,Silverado 1500,"2,069 Sol"
Rupiah,IDR,Male,Polynesian,Analyst Programmer,1997,Buick,LeSabre,"606,288 Rupiah"
Franc,XAF,Female,Guamanian,Human Resources Assistant IV,2005,Mercedes-Benz,M-Class,"428,665 Franc"
Peso,ARS,Female,Cree,Developer II,2005,Toyota,Echo,"1,925 Peso"
Yuan Renminbi,CNY,Male,Bangladeshi,Computer Systems Analyst III,2001,Toyota,Land Cruiser,"1,189 Yuan Renminbi"
Zloty,PLN,Female,Tohono O'Odham,Help Desk Operator,2011,Toyota,TundraMax,"248,755 Zloty"
Dollar,USD,Male,Puerto Rican,Senior Financial Analyst,1958,BMW,600,"2,623 Dollar"
Euro,EUR,Male,Dominican (Dominican Republic),Budget/Accounting Analyst IV,1996,Hyundai,Sonata,"6,767 Euro"
Ruble,RUB,Female,White,Quality Control Specialist,1990,Volkswagen,Golf,"8,903 Ruble"
Yuan Renminbi,CNY,Male,Cheyenne,Systems Administrator III,1994,Dodge,Ram 2500,"053,595 Yuan Renminbi"
Euro,EUR,Male,Cree,Senior Editor,2006,Infiniti,M,"142,970 Euro"
Som,UZS,Female,Apache,Assistant Media Planner,1999,Mitsubishi,Montero Sport,"981,953 Som"
Ruble,RUB,Male,Cuban,General Manager,2012,Mazda,MX-5,"93,185 Ruble"
Krona,SEK,Female,Taiwanese,Compensation Analyst,2010,Volkswagen,CC,"2,841 Krona"
Rupiah,IDR,Female,Guamanian,Help Desk Technician,1993,Mazda,MX-5,"337,792 Rupiah"
Rupiah,IDR,Male,Samoan,Operator,2008,Dodge,Viper,"9,561 Rupiah"
Lek,ALL,Female,Cambodian,Compensation Analyst,2002,Pontiac,Bonneville,"2,694 Lek"
Rupee,PKR,Female,Creek,Payment Adjustment Coordinator,1997,Honda,Prelude,"987,528 Rupee"
Ruble,RUB,Female,Seminole,Electrical Engineer,2001,GMC,Safari,"7,335 Ruble"
Dong,VND,Male,Bolivian,Junior Executive,2003,Chevrolet,S10,"093,346 Dong"
Yuan Renminbi,CNY,Male,Yakama,Associate Professor,2008,Pontiac,Solstice,"87,528 Yuan Renminbi"
Dong,VND,Female,Native Hawaiian,Environmental Specialist,1999,Lexus,SC,"6,538 Dong"
Krona,SEK,Male,Potawatomi,Budget/Accounting Analyst IV,1997,Toyota,Avalon,"0,500 Krona"
Yuan Renminbi,CNY,Female,Paraguayan,Marketing Manager,2011,Audi,A4,"4,928 Yuan Renminbi"
Won,KPW,Female,Ottawa,General Manager,2007,Land Rover,Range Rover Sport,"920,229 Won"
Sol,PEN,Male,Fijian,Social Worker,2007,Lexus,IS,"054,919 Sol"
Ruble,RUB,Female,Argentinian,Geological Engineer,2009,Bentley,Arnage,"410,735 Ruble"
Dinar,IQD,Male,Guamanian,VP Accounting,1991,Honda,Accord,"784,984 Dinar"
Euro,EUR,Male,Guatemalan,Pharmacist,1998,Chevrolet,Express 1500,"76,229 Euro"
Peso,ARS,Female,Bolivian,Senior Cost Accountant,1986,Ford,Tempo,"4,483 Peso"
Real,BRL,Female,Pima,Programmer II,1969,Pontiac,Grand Prix,"12,158 Real"
Koruna,CZK,Female,Central American,Teacher,2006,Acura,MDX,"454,572 Koruna"
Peso,PHP,Female,Pima,Quality Engineer,1998,Oldsmobile,Silhouette,"513,760 Peso"
Euro,EUR,Female,Pima,Sales Representative,2009,Porsche,Boxster,"72,619 Euro"
Ruble,RUB,Female,Houma,Structural Analysis Engineer,2000,Pontiac,Bonneville,"71,439 Ruble"
Peso,PHP,Female,Menominee,Recruiter,2010,Mitsubishi,Lancer Evolution,"92,533 Peso"
Peso,ARS,Male,Puerto Rican,Cost Accountant,2007,Nissan,Titan,"4,884 Peso"
Krona,SEK,Female,Malaysian,Media Manager I,2007,Audi,S4,"53,775 Krona"
Naira,NGN,Male,Dominican (Dominican Republic),Sales Representative,1998,Mercury,Grand Marquis,"14,310 Naira"
Euro,EUR,Female,Crow,Social Worker,2007,BMW,M6,"2,179 Euro"
Peso,PHP,Male,Navajo,Mechanical Systems Engineer,2008,Mercury,Sable,"16,210 Peso"
Yuan Renminbi,CNY,Female,Chickasaw,Budget/Accounting Analyst III,1999,Acura,TL,"260,142 Yuan Renminbi"
Dollar,CAD,Male,Peruvian,Quality Engineer,2004,Lexus,RX,"7,857 Dollar"
Yuan Renminbi,CNY,Male,Paraguayan,Information Systems Manager,1985,Mitsubishi,Cordia,"392,382 Yuan Renminbi"
Zloty,PLN,Female,Chamorro,Technical Writer,2004,Mitsubishi,Montero Sport,"072,642 Zloty"
Shilling,UGX,Male,White,Software Engineer II,1999,Jaguar,XK Series,"9,066 Shilling"
Ruble,RUB,Female,Seminole,Senior Sales Associate,2012,BMW,X5,"9,619 Ruble"
Dollar,ZWL,Female,Malaysian,Actuary,2009,Chevrolet,Tahoe,"9,556 Dollar"
Rupiah,IDR,Male,Yuman,Budget/Accounting Analyst II,1994,Mazda,626,"6,790 Rupiah"
Franc,CHF,Female,Guatemalan,Staff Accountant III,2010,Dodge,Journey,"06,310 Franc"
Yuan Renminbi,CNY,Male,Thai,Administrative Assistant I,2003,Acura,RL,"42,903 Yuan Renminbi"
Marka,BAM,Female,Cambodian,Mechanical Systems Engineer,2003,Volkswagen,Passat,"56,568 Marka"
Peso,PHP,Male,Cree,Assistant Media Planner,2012,Mercedes-Benz,M-Class,"2,515 Peso"
Real,BRL,Female,Thai,Geological Engineer,1998,Dodge,Ram Van 2500,"21,008 Real"
Krona,SEK,Male,Chamorro,Dental Hygienist,2004,Lamborghini,Gallardo,"278,465 Krona"
Krone,DKK,Female,Salvadoran,Research Associate,2012,GMC,Terrain,"53,611 Krone"
Yuan Renminbi,CNY,Female,Apache,Internal Auditor,2008,Mercedes-Benz,GL-Class,"136,406 Yuan Renminbi"
Yuan Renminbi,CNY,Female,Cherokee,Internal Auditor,1992,Hyundai,Scoupe,"940,689 Yuan Renminbi"
Shilling,TZS,Male,Filipino,Nurse Practicioner,2012,Honda,Civic,"909,349 Shilling"
Yuan Renminbi,CNY,Male,Yaqui,Senior Sales Associate,2003,BMW,3 Series,"21,589 Yuan Renminbi"
Yuan Renminbi,CNY,Female,Polynesian,Senior Sales Associate,1999,Oldsmobile,Bravada,"002,671 Yuan Renminbi"
Dollar,USD,Female,Tohono O'Odham,Paralegal,2004,Nissan,Pathfinder,"4,786 Dollar"
Krona,SEK,Male,Cambodian,Associate Professor,1998,Mazda,MX-5,"3,710 Krona"
Dinar,JOD,Female,Mexican,Teacher,1997,Geo,Metro,"7,678 Dinar"
Euro,EUR,Male,Venezuelan,Graphic Designer,2008,BMW,Z4 M,"5,792 Euro"
Rupiah,IDR,Female,American Indian and Alaska Native (AIAN),Office Assistant III,2007,BMW,M Roadster,"055,176 Rupiah"
Euro,EUR,Female,Bangladeshi,Civil Engineer,2004,Scion,xA,"529,542 Euro"
Yuan Renminbi,CNY,Male,South American,Geologist IV,2006,Mercedes-Benz,CLK-Class,"5,882 Yuan Renminbi"
Yuan Renminbi,CNY,Female,Latin American Indian,Senior Sales Associate,2010,Lincoln,MKZ,"8,109 Yuan Renminbi"
Dollar,CAD,Male,Colombian,Director of Sales,1999,Ford,Contour,"927,896 Dollar"
Zloty,PLN,Male,Fijian,Editor,2005,Hyundai,XG350,"2,943 Zloty"
Rupee,INR,Male,Delaware,Marketing Assistant,2012,Toyota,Prius Plug-in Hybrid,"62,238 Rupee"
Franc,CDF,Male,Laotian,VP Accounting,2001,Oldsmobile,Bravada,"4,932 Franc"
Peso,DOP,Female,Nicaraguan,Project Manager,2008,Dodge,Nitro,"7,505 Peso"
Yen,JPY,Female,South American,Occupational Therapist,2007,Toyota,Matrix,"0,866 Yen"
Ruble,RUB,Female,Cheyenne,Nurse Practicioner,2005,Lexus,GS,"985,289 Ruble"
Yuan Renminbi,CNY,Female,Puget Sound Salish,Project Manager,2009,Lexus,IS F,"0,589 Yuan Renminbi"
Dollar,USD,Male,Chickasaw,Software Test Engineer IV,2005,Maserati,Gran Sport,"3,174 Dollar"
Dollar,USD,Male,Peruvian,Help Desk Operator,2012,BMW,X5 M,"263,284 Dollar"
Peso,PHP,Female,Korean,Human Resources Manager,1993,Cadillac,Sixty Special,"472,092 Peso"
Euro,EUR,Male,Cuban,Web Developer I,2012,Bentley,Continental GT,"2,951 Euro"
Yuan Renminbi,CNY,Female,Tohono O'Odham,Executive Secretary,1993,Toyota,Celica,"7,008 Yuan Renminbi"
Yuan Renminbi,CNY,Male,Peruvian,Project Manager,2009,Dodge,Nitro,"5,008 Yuan Renminbi"
Rupiah,IDR,Female,Native Hawaiian,Research Assistant II,2005,Infiniti,Q,"8,564 Rupiah"
Dollar,CAD,Female,Indonesian,Occupational Therapist,1967,Chevrolet,Bel Air,"049,387 Dollar"
Franc,XOF,Male,Iroquois,Desktop Support Technician,2002,Nissan,Pathfinder,"351,985 Franc"
Ruble,RUB,Female,Chamorro,Pharmacist,2005,Chevrolet,Blazer,"45,924 Ruble"
Euro,EUR,Male,Cherokee,Biostatistician II,1993,Ford,F350,"23,872 Euro"
Dollar,JMD,Female,Cherokee,Geologist IV,2002,Volkswagen,rio,"94,889 Dollar"
Yen,JPY,Male,Sioux,Structural Analysis Engineer,1994,Geo,Tracker,"308,537 Yen"
Hryvnia,UAH,Male,Ecuadorian,Software Test Engineer IV,1994,Toyota,MR2,"87,792 Hryvnia"
Peso,PHP,Male,Ecuadorian,Information Systems Manager,2008,Lexus,GS,"327,074 Peso"
Ringgit,MYR,Female,Osage,Senior Cost Accountant,2006,Ford,F-250 Super Duty,"208,178 Ringgit"
Litas,LTL,Male,Bolivian,Chemical Engineer,2007,Infiniti,QX,"3,962 Litas"
Peso,PHP,Female,Puerto Rican,Account Executive,2006,Ford,Expedition,"1,578 Peso"
Tenge,KZT,Female,Uruguayan,Administrative Assistant I,1996,Geo,Tracker,"56,996 Tenge"
Zloty,PLN,Female,Potawatomi,Computer Systems Analyst II,1994,Buick,Roadmaster,"90,563 Zloty"
Yuan Renminbi,CNY,Male,Osage,Dental Hygienist,2008,Bentley,Continental Flying Spur,"801,683 Yuan Renminbi"
Real,BRL,Female,Thai,Mechanical Systems Engineer,1999,BMW,7 Series,"448,487 Real"
Bolivar,VEF,Female,Cambodian,Electrical Engineer,1996,Ford,Explorer,"923,918 Bolivar"
Koruna,CZK,Male,Vietnamese,Software Engineer III,2010,Dodge,Challenger,"4,117 Koruna"
Rial,IRR,Male,Costa Rican,Project Manager,2012,GMC,Sierra 2500,"3,336 Rial"
Ruble,RUB,Male,Thai,Software Test Engineer II,2005,Buick,LeSabre,"51,634 Ruble"
Dinar,RSD,Female,Bolivian,Media Manager II,1999,Oldsmobile,88,"40,400 Dinar"
Yuan Renminbi,CNY,Male,Osage,Financial Advisor,2010,Bentley,Continental,"479,443 Yuan Renminbi"
Yuan Renminbi,CNY,Male,Yuman,Senior Quality Engineer,2007,Chevrolet,Silverado 1500,"3,567 Yuan Renminbi"
Ringgit,MYR,Female,Delaware,Help Desk Operator,2010,Nissan,Pathfinder,"422,010 Ringgit"
Peso,ARS,Female,Guamanian,Office Assistant IV,1999,Honda,Prelude,"0,619 Peso"
Euro,EUR,Female,Bolivian,Operator,1998,Buick,Regal,"694,060 Euro"
Dong,VND,Male,Argentinian,Cost Accountant,1995,Oldsmobile,88,"272,206 Dong"
Metical,MZN,Female,Lumbee,Information Systems Manager,1999,Chevrolet,Express 2500,"190,957 Metical"
Euro,EUR,Female,Aleut,Nurse Practicioner,2004,Chrysler,PT Cruiser,"1,427 Euro"
Euro,EUR,Male,Iroquois,Clinical Specialist,1984,Ford,Escort,"819,582 Euro"
Real,BRL,Female,Pueblo,Account Representative IV,1993,Mercedes-Benz,SL-Class,"22,719 Real"
Yuan Renminbi,CNY,Female,Malaysian,Research Nurse,1997,Land Rover,Range Rover,"3,832 Yuan Renminbi"
Yuan Renminbi,CNY,Female,Yaqui,Senior Cost Accountant,2008,Jaguar,XK,"87,333 Yuan Renminbi"
Real,BRL,Male,Cambodian,Internal Auditor,2010,Toyota,TundraMax,"6,646 Real"
Sol,PEN,Female,Sri Lankan,VP Quality Control,1992,Dodge,Ramcharger,"8,549 Sol"
Tenge,KZT,Female,Native Hawaiian and Other Pacific Islander (NHPI),Registered Nurse,2004,Ford,E350,"4,545 Tenge"
Euro,EUR,Male,Hmong,Marketing Assistant,1996,Buick,Hearse,"7,841 Euro"
Peso,PHP,Female,Creek,Recruiting Manager,2010,Dodge,Avenger,"060,957 Peso"
Ruble,RUB,Female,Delaware,Senior Sales Associate,1995,Mercedes-Benz,SL-Class,"617,024 Ruble"
Peso,CUP,Male,Seminole,Data Coordiator,1999,Chevrolet,Express 3500,"10,348 Peso"
Rial,IRR,Female,Houma,Senior Quality Engineer,2011,Audi,S6,"55,142 Rial"
Real,BRL,Female,Eskimo,Media Manager III,2011,Nissan,Murano,"3,544 Real"
Euro,EUR,Male,Cambodian,Dental Hygienist,2001,Toyota,Tacoma Xtra,"649,489 Euro"
Rupiah,IDR,Female,Alaskan Athabascan,Recruiting Manager,1995,Saturn,S-Series,"311,389 Rupiah"
Naira,NGN,Female,Korean,Actuary,2011,Jeep,Compass,"6,443 Naira"
Zloty,PLN,Female,Alaskan Athabascan,Mechanical Systems Engineer,1996,Chevrolet,Corvette,"02,197 Zloty"
Manat,AZN,Female,Ute,Structural Engineer,1986,Mercury,Topaz,"67,424 Manat"
Ruble,RUB,Male,Cheyenne,Civil Engineer,2011,Chevrolet,Silverado 3500,"67,045 Ruble"
Rupiah,IDR,Female,Spaniard,VP Marketing,1998,Dodge,Ram Van 2500,"7,132 Rupiah"
Dollar,USD,Female,Blackfeet,Product Engineer,2002,Chrysler,Prowler,"14,873 Dollar"
Rupiah,IDR,Male,Fijian,Professor,1997,Suzuki,X-90,"189,371 Rupiah"
Rupiah,IDR,Female,Ute,Actuary,1968,Pontiac,Grand Prix,"540,452 Rupiah"
Euro,EUR,Male,Houma,Physical Therapy Assistant,2007,Cadillac,CTS,"62,717 Euro"
Rupiah,IDR,Male,Paiute,Budget/Accounting Analyst III,2004,Toyota,Highlander,"150,369 Rupiah"
Rial,YER,Female,Cambodian,Recruiter,1993,Mitsubishi,RVR,"55,049 Rial"
Peso,ARS,Male,Menominee,VP Sales,1996,Mercury,Mystique,"444,827 Peso"
Franc,GNF,Female,Houma,Data Coordiator,2007,Mercedes-Benz,M-Class,"744,156 Franc"
Shilling,KES,Female,Blackfeet,Help Desk Technician,2004,Saab,5-Sep,"333,167 Shilling"
Dong,VND,Male,Alaska Native,Graphic Designer,2001,Dodge,Viper,"2,180 Dong"
Dollar,AUD,Male,Cheyenne,Mechanical Systems Engineer,1998,GMC,Sonoma,"4,224 Dollar"
Yuan Renminbi,CNY,Female,Polynesian,Director of Sales,1992,Chevrolet,Beretta,"01,460 Yuan Renminbi"
Rupiah,IDR,Female,Ute,Registered Nurse,2007,Acura,RDX,"4,690 Rupiah"
Rupiah,IDR,Male,Fijian,Civil Engineer,2010,Toyota,FJ Cruiser,"97,382 Rupiah"
Dollar,USD,Female,Samoan,Speech Pathologist,2006,Maybach,57,"22,131 Dollar"
Zloty,PLN,Male,Iroquois,Pharmacist,2006,Ford,F-250 Super Duty,"275,572 Zloty"
Yuan Renminbi,CNY,Male,Yuman,Geological Engineer,1999,Isuzu,Hombre,"639,651 Yuan Renminbi"
Krona,SEK,Female,Malaysian,Accountant IV,1954,Cadillac,Fleetwood,"16,390 Krona"
Naira,NGN,Female,Cherokee,Account Representative I,1992,Porsche,968,"811,673 Naira"
Rupiah,IDR,Male,Uruguayan,Dental Hygienist,2009,Lamborghini,Murci̩lago,"4,715 Rupiah"
Peso,MXN,Female,Tongan,Director of Sales,1992,Chevrolet,Corvette,"094,867 Peso"
Euro,EUR,Female,Tongan,Nuclear Power Engineer,2011,Dodge,Durango,"730,822 Euro"
Ruble,BYR,Female,Black or African American,Structural Analysis Engineer,1994,Honda,Accord,"6,487 Ruble"
Yuan Renminbi,CNY,Male,Tohono O'Odham,Administrative Officer,1990,Acura,Legend,"7,509 Yuan Renminbi"
Krona,SEK,Male,Ottawa,Senior Quality Engineer,2004,Suzuki,Forenza,"812,971 Krona"
Boliviano,BOB,Female,Pima,Human Resources Manager,2010,Bentley,Continental GTC,"485,287 Boliviano"
Manat,AZN,Female,Cuban,Data Coordiator,2007,Hyundai,Veracruz,"336,742 Manat"
Koruna,CZK,Male,Bangladeshi,Associate Professor,1994,Dodge,Ram Van B250,"50,662 Koruna"
Rial,IRR,Female,Bangladeshi,Computer Systems Analyst IV,2004,Volkswagen,Touareg,"1,621 Rial"
Rupiah,IDR,Male,American Indian and Alaska Native (AIAN),Physical Therapy Assistant,2009,Bentley,Arnage,"1,743 Rupiah"
Boliviano,BOB,Male,Native Hawaiian,Marketing Manager,2005,Suzuki,Grand Vitara,"718,322 Boliviano"
Franc,XOF,Female,Asian Indian,Help Desk Operator,2006,GMC,Savana 1500,"18,307 Franc"
Dollar,USD,Male,Honduran,Information Systems Manager,2000,Dodge,Ram Van 2500,"28,818 Dollar"
Krone,NOK,Male,Alaskan Athabascan,GIS Technical Architect,2008,Dodge,Avenger,"7,645 Krone"
Zloty,PLN,Female,Chinese,Recruiting Manager,1994,Toyota,MR2,"890,868 Zloty"
Rupiah,IDR,Male,Micronesian,Developer III,2009,Audi,A5,"4,526 Rupiah"
Euro,EUR,Female,Argentinian,Mechanical Systems Engineer,2003,Mazda,MX-5,"42,499 Euro"
Rial,IRR,Female,Paraguayan,Financial Advisor,2003,Nissan,Sentra,"53,352 Rial"
Ruble,RUB,Female,Micronesian,Senior Financial Analyst,1999,Buick,Regal,"22,125 Ruble"
Boliviano,BOB,Male,Asian Indian,VP Accounting,1992,Mazda,MX-3,"251,769 Boliviano"
Som,KGS,Female,Seminole,Assistant Manager,2006,Toyota,Solara,"0,157 Som"
Shilling,TZS,Male,Native Hawaiian,Senior Sales Associate,2007,Chevrolet,Express,"1,150 Shilling"
Euro,EUR,Female,Delaware,Librarian,2004,Chevrolet,Corvette,"4,104 Euro"
Euro,EUR,Female,Mexican,Sales Representative,2002,Ford,F-Series,"68,557 Euro"
Shilling,KES,Male,Micronesian,Cost Accountant,2006,Scion,xA,"39,980 Shilling"
Lev,BGN,Male,Native Hawaiian,Associate Professor,2002,Volkswagen,Cabriolet,"0,120 Lev"
Euro,EUR,Female,South American,Software Test Engineer IV,1994,Geo,Metro,"8,224 Euro"
Yuan Renminbi,CNY,Male,Indonesian,Analyst Programmer,2000,Lexus,SC,"77,319 Yuan Renminbi"
Franc,DJF,Male,Chilean,Financial Analyst,1996,Jaguar,XJ Series,"26,176 Franc"
Peso,CUP,Male,Ute,Human Resources Assistant I,1999,Chevrolet,Venture,"695,978 Peso"
Yuan Renminbi,CNY,Male,Seminole,Compensation Analyst,2009,Chevrolet,Malibu,"33,650 Yuan Renminbi"
Won,KPW,Male,Potawatomi,Software Test Engineer IV,1997,Toyota,Camry,"6,947 Won"
Yen,JPY,Male,Navajo,Help Desk Operator,2012,BMW,X6,"4,115 Yen"
Dollar,NZD,Male,Paiute,Structural Engineer,2011,Toyota,Tacoma,"75,469 Dollar"
Rupiah,IDR,Male,Paraguayan,VP Quality Control,2000,Ford,Econoline E250,"85,725 Rupiah"
Yuan Renminbi,CNY,Female,Blackfeet,VP Sales,1994,Dodge,Ram Wagon B250,"0,224 Yuan Renminbi"
Rial,IRR,Male,Blackfeet,Senior Financial Analyst,2010,Chevrolet,Tahoe,"3,415 Rial"
Rupiah,IDR,Male,Blackfeet,Operator,2001,Audi,Allroad,"7,680 Rupiah"
Ruble,RUB,Male,Sri Lankan,Financial Analyst,1987,Pontiac,Sunbird,"47,266 Ruble"
Peso,PHP,Female,Nicaraguan,Budget/Accounting Analyst IV,2005,BMW,745,"07,889 Peso"
Birr,ETB,Male,Cambodian,Occupational Therapist,1994,Mitsubishi,Montero,"0,216 Birr"
Euro,EUR,Male,Shoshone,Marketing Manager,2001,Ford,ZX2,"22,563 Euro"
Yen,JPY,Male,Seminole,Biostatistician II,2008,Ford,Focus,"2,616 Yen"
Peso,PHP,Male,Navajo,Physical Therapy Assistant,2009,Kia,Mohave/Borrego,"10,995 Peso"
Baht,THB,Female,Chamorro,Programmer Analyst III,1997,Plymouth,Neon,"329,332 Baht"
Rupiah,IDR,Male,Eskimo,Software Consultant,2006,Acura,TL,"79,716 Rupiah"
Peso,COP,Female,Delaware,Assistant Manager,1996,Dodge,Ram 3500 Club,"16,046 Peso"
Dollar,CAD,Female,Aleut,Account Representative I,2003,Lamborghini,Murci̩lago,"182,577 Dollar"
Dollar,USD,Female,Tongan,Biostatistician I,1997,Toyota,Land Cruiser,"7,251 Dollar"
Baht,THB,Male,Asian,Recruiter,2008,Toyota,Sequoia,"035,486 Baht"
Yuan Renminbi,CNY,Male,American Indian,Assistant Professor,2010,Ford,Focus,"02,021 Yuan Renminbi"
Yuan Renminbi,CNY,Female,Osage,Staff Accountant II,1991,Lincoln,Continental,"295,182 Yuan Renminbi"
Ruble,RUB,Female,Crow,Pharmacist,2000,Cadillac,Escalade,"95,718 Ruble"
Euro,EUR,Female,White,Cost Accountant,1993,Dodge,Stealth,"67,548 Euro"
Yuan Renminbi,CNY,Male,Latin American Indian,Administrative Assistant II,1998,Jeep,Wrangler,"7,953 Yuan Renminbi"
Yuan Renminbi,CNY,Female,Sioux,Human Resources Manager,2005,Chevrolet,Avalanche 1500,"9,124 Yuan Renminbi"
Rupiah,IDR,Male,Alaska Native,Research Nurse,2011,Lexus,CT,"7,531 Rupiah"
Euro,EUR,Male,Tohono O'Odham,Assistant Manager,2005,Pontiac,Grand Am,"3,452 Euro"
Krona,SEK,Male,Japanese,Mechanical Systems Engineer,2006,Suzuki,XL-7,"456,292 Krona"
Sol,PEN,Male,Seminole,Senior Quality Engineer,2008,Lexus,GX,"09,464 Sol"
Yen,JPY,Female,Paraguayan,Administrative Assistant I,2007,Ford,Taurus,"4,886 Yen"
Euro,EUR,Female,Native Hawaiian,Research Associate,2008,Chrysler,Pacifica,"2,322 Euro"
Hryvnia,UAH,Male,Eskimo,VP Product Management,1997,Jeep,Wrangler,"81,923 Hryvnia"
Hryvnia,UAH,Male,White,Quality Engineer,1998,Volkswagen,New Beetle,"6,658 Hryvnia"
Euro,EUR,Female,Korean,Staff Accountant II,2009,Volvo,S60,"7,969 Euro"
Kuna,HRK,Female,Polynesian,Associate Professor,1998,Dodge,Ram 1500,"86,866 Kuna"
Tenge,KZT,Female,Colombian,Software Test Engineer I,2012,Mitsubishi,Outlander Sport,"0,548 Tenge"
Yuan Renminbi,CNY,Female,Pueblo,Mechanical Systems Engineer,2000,Infiniti,G,"2,133 Yuan Renminbi"
Ruble,RUB,Female,Yakama,Senior Developer,2006,Mercedes-Benz,CLK-Class,"388,231 Ruble"
Won,KRW,Female,Micronesian,Electrical Engineer,1987,Buick,Skylark,"14,814 Won"
Krona,SEK,Male,Crow,Payment Adjustment Coordinator,1994,Plymouth,Laser,"60,851 Krona"
Naira,NGN,Female,Alaska Native,Web Developer I,1994,Volvo,960,"3,487 Naira"
Rupiah,IDR,Male,South American,Paralegal,2009,Infiniti,G,"628,505 Rupiah"
Dollar,USD,Female,Nicaraguan,VP Quality Control,2000,BMW,X5,"5,783 Dollar"
Yuan Renminbi,CNY,Female,Melanesian,Payment Adjustment Coordinator,2003,Dodge,Dakota Club,"449,211 Yuan Renminbi"
Hryvnia,UAH,Male,Iroquois,Marketing Manager,1985,Mitsubishi,Mirage,"1,776 Hryvnia"
Yuan Renminbi,CNY,Male,Black or African American,Assistant Media Planner,1997,Chevrolet,2500,"99,457 Yuan Renminbi"
Dollar,CAD,Female,Menominee,Safety Technician I,2007,Saturn,Outlook,"861,285 Dollar"
Yuan Renminbi,CNY,Female,Cree,Occupational Therapist,2006,Toyota,Prius,"559,632 Yuan Renminbi"
Lempira,HNL,Male,Kiowa,Recruiting Manager,1995,Volkswagen,Eurovan,"7,855 Lempira"
Lev,BGN,Male,Paraguayan,Statistician I,2011,Ford,Mustang,"502,335 Lev"
Real,BRL,Male,Fijian,Executive Secretary,2008,Chevrolet,Equinox,"99,479 Real"
Rupiah,IDR,Female,Guamanian,Senior Editor,1995,Volkswagen,Golf,"35,599 Rupiah"
Bolivar,VEF,Male,Blackfeet,Analyst Programmer,2007,Toyota,Camry Hybrid,"12,019 Bolivar"
Yuan Renminbi,CNY,Male,Creek,Budget/Accounting Analyst I,2006,Toyota,Tundra,"0,885 Yuan Renminbi"
Rupiah,IDR,Female,Iroquois,Biostatistician IV,2001,Chrysler,Concorde,"383,649 Rupiah"
Rupiah,IDR,Female,Korean,Actuary,2004,Infiniti,M,"847,703 Rupiah"
Euro,EUR,Male,Iroquois,Automation Specialist I,1996,Oldsmobile,Silhouette,"5,628 Euro"
Real,BRL,Female,Fijian,Librarian,2006,Mazda,Mazda6 Sport,"7,499 Real"
Baht,THB,Female,Pima,Nuclear Power Engineer,2008,Toyota,Prius,"3,224 Baht"
Yuan Renminbi,CNY,Male,Paraguayan,Programmer IV,1998,Audi,A6,"99,131 Yuan Renminbi"
Yuan Renminbi,CNY,Male,Pueblo,Safety Technician II,2000,Acura,NSX,"881,082 Yuan Renminbi"
Rupiah,IDR,Male,Delaware,Automation Specialist I,1999,Ford,Econoline E150,"1,933 Rupiah"
Som,KGS,Male,Chickasaw,Help Desk Technician,1988,Pontiac,Gemini,"7,700 Som"
Euro,EUR,Male,American Indian,Financial Analyst,2005,BMW,745,"709,019 Euro"
Quetzal,GTQ,Male,Seminole,Human Resources Assistant IV,1987,Ford,Escort,"20,173 Quetzal"
Pula,BWP,Female,Colombian,Budget/Accounting Analyst III,2005,Toyota,4Runner,"5,911 Pula"
Yuan Renminbi,CNY,Female,Cheyenne,Marketing Assistant,2009,Volvo,S60,"677,595 Yuan Renminbi"
Real,BRL,Male,Cuban,Community Outreach Specialist,2007,Mercury,Mariner,"4,784 Real"
Cedi,GHS,Male,Ute,Tax Accountant,2001,Buick,Regal,"7,977 Cedi"
Marka,BAM,Male,Yakama,Editor,2000,Oldsmobile,Intrigue,"91,765 Marka"
Yen,JPY,Female,Shoshone,Pharmacist,1995,Honda,del Sol,"5,261 Yen"
Peso,PHP,Female,Thai,Executive Secretary,2009,Audi,S6,"09,184 Peso"
Dinar,JOD,Male,Puget Sound Salish,General Manager,1997,Jeep,Cherokee,"738,591 Dinar"
Peso,PHP,Female,Pueblo,Quality Engineer,1985,Honda,Accord,"9,495 Peso"
Krona,SEK,Female,Panamanian,Business Systems Development Analyst,2009,BMW,M3,"02,094 Krona"
Ruble,RUB,Female,Colville,Environmental Specialist,2003,Toyota,Tundra,"6,015 Ruble"
Dollar,USD,Male,Polynesian,Nurse,2007,Volkswagen,Touareg,"91,984 Dollar"
Euro,EUR,Male,Asian,Account Coordinator,2010,Bentley,Continental Super,"4,754 Euro"
Yuan Renminbi,CNY,Female,Thai,Tax Accountant,2012,Lincoln,MKZ,"128,534 Yuan Renminbi"
Yuan Renminbi,CNY,Female,Chippewa,Mechanical Systems Engineer,2004,Mercedes-Benz,E-Class,"342,651 Yuan Renminbi"
Rupiah,IDR,Female,Spaniard,Office Assistant I,1998,Ford,Ranger,"2,049 Rupiah"
Rupiah,IDR,Male,Puget Sound Salish,General Manager,2009,Toyota,Venza,"6,379 Rupiah"
Rupee,PKR,Male,Sri Lankan,VP Sales,2010,Audi,S6,"2,450 Rupee"
Dollar,USD,Female,Bolivian,Sales Representative,1997,Jaguar,XK Series,"28,180 Dollar"
Peso,MXN,Male,Native Hawaiian and Other Pacific Islander (NHPI),Help Desk Operator,2000,GMC,Jimmy,"03,045 Peso"
Yuan Renminbi,CNY,Male,Dominican (Dominican Republic),Programmer Analyst II,2007,Nissan,Versa,"59,394 Yuan Renminbi"
Euro,EUR,Male,Fijian,Database Administrator IV,2010,Saab,5-Sep,"358,516 Euro"
Sol,PEN,Male,Navajo,Quality Control Specialist,2006,Acura,TL,"302,353 Sol"
Yuan Renminbi,CNY,Female,Alaska Native,Recruiter,2013,Ford,Escape,"32,200 Yuan Renminbi"
Euro,EUR,Female,Sioux,Computer Systems Analyst I,1987,Chevrolet,Corvette,"25,157 Euro"
Yen,JPY,Male,Puget Sound Salish,GIS Technical Architect,1999,Volvo,S70,"7,900 Yen"
Krona,SEK,Female,Filipino,Sales Associate,2011,Maybach,Landaulet,"093,821 Krona"
Euro,EUR,Male,Puget Sound Salish,Research Associate,2011,Hyundai,Elantra,"86,639 Euro"
Rupiah,IDR,Male,Chinese,Director of Sales,2005,Chrysler,PT Cruiser,"0,946 Rupiah"
Bolivar,VEF,Female,Shoshone,Geological Engineer,2009,Nissan,Armada,"1,933 Bolivar"
Koruna,CZK,Male,Guamanian,Food Chemist,2000,Chevrolet,Venture,"12,324 Koruna"
Dinar,LYD,Male,Sioux,Staff Accountant II,2004,Jaguar,S-Type,"3,078 Dinar"
Dollar,CAD,Male,Fijian,Teacher,2000,Isuzu,Rodeo,"112,589 Dollar"
Euro,EUR,Female,Tongan,Analyst Programmer,1997,Chevrolet,S10,"809,385 Euro"
Bolivar,VEF,Female,Colombian,Human Resources Assistant IV,1994,Lincoln,Mark VIII,"7,328 Bolivar"
Sol,PEN,Female,Iroquois,Programmer Analyst II,2008,Nissan,Titan,"8,023 Sol"
Real,BRL,Female,Comanche,Engineer II,1993,Chevrolet,Blazer,"000,068 Real"
Rand,ZAR,Female,Colombian,Health Coach IV,2000,Hyundai,Accent,"50,417 Rand"
Rupiah,IDR,Female,Costa Rican,Physical Therapy Assistant,2007,BMW,M Roadster,"8,751 Rupiah"
Rupiah,IDR,Male,Aleut,Payment Adjustment Coordinator,1987,Audi,5000CS,"45,225 Rupiah"
Peso,PHP,Female,Ottawa,Sales Representative,2006,Cadillac,CTS,"404,227 Peso"
Krona,SEK,Male,Crow,Food Chemist,2012,Lamborghini,Aventador,"8,527 Krona"
Dollar,USD,Female,Honduran,Speech Pathologist,2002,Maserati,Spyder,"6,503 Dollar"
Euro,EUR,Male,Comanche,Human Resources Manager,2011,Infiniti,IPL G,"98,508 Euro"
Yuan Renminbi,CNY,Female,Ecuadorian,Programmer III,1998,Dodge,Ram Van 2500,"08,483 Yuan Renminbi"
Euro,EUR,Male,Dominican (Dominican Republic),Sales Representative,1964,Ford,Mustang,"5,673 Euro"
Ruble,RUB,Male,Pueblo,Director of Sales,2004,Acura,MDX,"045,435 Ruble"
Rupiah,IDR,Male,Puerto Rican,Nurse,1987,Buick,Century,"7,128 Rupiah"
Krone,NOK,Male,Seminole,Web Designer II,2004,Mercedes-Benz,SL-Class,"2,796 Krone"
Ariary,MGA,Male,Peruvian,Financial Analyst,1996,Infiniti,G,"7,749 Ariary"
Hryvnia,UAH,Male,Asian,Desktop Support Technician,1998,Dodge,Ram Van 2500,"123,854 Hryvnia"
Dirham,MAD,Female,Colville,Nurse,1999,Oldsmobile,Bravada,"6,274 Dirham"
Dollar,USD,Female,Indonesian,Geologist III,2002,Chevrolet,Malibu,"46,861 Dollar"
Yuan Renminbi,CNY,Female,Guatemalan,Recruiting Manager,1984,Chevrolet,Corvette,"099,730 Yuan Renminbi"
Yuan Renminbi,CNY,Male,Chilean,GIS Technical Architect,2008,Infiniti,M,"080,505 Yuan Renminbi"
Euro,EUR,Male,Puerto Rican,Information Systems Manager,2005,Volkswagen,Phaeton,"093,989 Euro"
Lev,BGN,Female,White,Accounting Assistant IV,1995,Chevrolet,Astro,"36,678 Lev"
Denar,MKD,Male,Native Hawaiian and Other Pacific Islander (NHPI),Legal Assistant,2007,Toyota,Avalon,"2,873 Denar"
Peso,PHP,Male,Puerto Rican,Environmental Specialist,2011,Mitsubishi,Lancer,"94,130 Peso"
Lev,BGN,Male,Samoan,Programmer I,2011,Infiniti,QX56,"931,626 Lev"
Peso,MXN,Female,Navajo,Geological Engineer,2001,Volvo,V70,"455,086 Peso"
Krona,SEK,Female,Samoan,Health Coach III,1998,Mercury,Mountaineer,"53,444 Krona"
Rial,YER,Female,Malaysian,Electrical Engineer,1993,Mercedes-Benz,190E,"6,338 Rial"
Real,BRL,Male,Asian Indian,Marketing Manager,1994,Jaguar,XJ Series,"390,034 Real"
Real,BRL,Male,Seminole,Account Representative I,1996,Lexus,ES,"312,052 Real"
Rupiah,IDR,Female,Ottawa,Senior Developer,1998,Ford,F250,"60,564 Rupiah"
Rupiah,IDR,Female,Osage,Analyst Programmer,1997,GMC,1500,"374,467 Rupiah"
Euro,EUR,Male,Shoshone,Sales Representative,1999,Mercury,Grand Marquis,"2,743 Euro"
Lev,BGN,Female,Yakama,Food Chemist,1989,Mercedes-Benz,SL-Class,"16,446 Lev"
Ruble,RUB,Male,Indonesian,Account Coordinator,2000,Ford,F250,"661,578 Ruble"
Yuan Renminbi,CNY,Female,Creek,Accountant III,1992,BMW,5 Series,"7,101 Yuan Renminbi"
Koruna,CZK,Female,Fijian,VP Product Management,1993,Hyundai,Excel,"025,127 Koruna"
Euro,EUR,Female,Paiute,Assistant Media Planner,1997,Hyundai,Elantra,"313,898 Euro"
Yuan Renminbi,CNY,Male,Delaware,Junior Executive,2011,Mazda,CX-7,"86,850 Yuan Renminbi"
Guarani,PYG,Male,Spaniard,Biostatistician II,2009,Ford,E150,"04,417 Guarani"
Yuan Renminbi,CNY,Male,Pueblo,Technical Writer,2000,Lincoln,Continental,"8,035 Yuan Renminbi"
Rupiah,IDR,Female,Yaqui,Environmental Tech,2007,Dodge,Grand Caravan,"4,605 Rupiah"
Rupiah,IDR,Male,Native Hawaiian and Other Pacific Islander (NHPI),Recruiter,2002,GMC,Yukon,"6,234 Rupiah"
Ruble,RUB,Female,Cherokee,Systems Administrator I,2006,BMW,760,"2,256 Ruble"
Peso,PHP,Female,Cheyenne,Research Nurse,2011,Volvo,S80,"50,191 Peso"
Euro,EUR,Female,Shoshone,Help Desk Operator,2002,Acura,RSX,"6,909 Euro"
Ruble,RUB,Female,Pima,Statistician I,2007,Kia,Spectra,"79,727 Ruble"
Rupiah,IDR,Male,Paiute,Occupational Therapist,2003,Honda,Element,"173,352 Rupiah"
Ruble,RUB,Female,Cheyenne,VP Product Management,2008,Jaguar,XJ,"54,062 Ruble"
Euro,EUR,Male,American Indian,Human Resources Assistant II,2000,Nissan,Maxima,"20,763 Euro"
Hryvnia,UAH,Male,Micronesian,Speech Pathologist,2001,Ford,F-Series,"185,021 Hryvnia"
Krona,SEK,Male,Nicaraguan,Clinical Specialist,1990,Volkswagen,Jetta,"1,347 Krona"
Rand,ZAR,Male,Yuman,Nurse,2010,Kia,Optima,"432,349 Rand"
Peso,PHP,Female,Sioux,Quality Control Specialist,1986,Ford,Tempo,"251,792 Peso"
Ruble,RUB,Male,Asian,Editor,2010,Mercury,Mountaineer,"19,062 Ruble"
Ruble,RUB,Female,Latin American Indian,Civil Engineer,2007,Saab,5-Sep,"7,451 Ruble"
Rupiah,IDR,Male,Crow,Marketing Manager,1999,Chevrolet,Lumina,"705,098 Rupiah"
Euro,EUR,Female,Cheyenne,Staff Scientist,2005,Jeep,Grand Cherokee,"1,643 Euro"
Yuan Renminbi,CNY,Female,Aleut,Technical Writer,2011,GMC,Savana 3500,"721,600 Yuan Renminbi"
Pound,EGP,Female,Cherokee,Account Coordinator,2006,Hyundai,Tucson,"36,451 Pound"
Euro,EUR,Male,Chickasaw,Human Resources Assistant IV,1989,Ford,Thunderbird,"958,338 Euro"
Yuan Renminbi,CNY,Female,Ottawa,Graphic Designer,1963,Studebaker,Avanti,"649,701 Yuan Renminbi"
Rupiah,IDR,Male,Peruvian,Health Coach II,2006,Dodge,Grand Caravan,"9,243 Rupiah"
Taka,BDT,Male,Argentinian,Tax Accountant,2009,Land Rover,Range Rover,"62,035 Taka"
Kuna,HRK,Male,Crow,Internal Auditor,1996,Hummer,H1,"42,004 Kuna"
Dollar,ZWL,Male,Apache,Programmer IV,1996,Oldsmobile,98,"3,405 Dollar"
Yuan Renminbi,CNY,Male,Filipino,Senior Editor,2009,Honda,Fit,"9,287 Yuan Renminbi"
Dollar,USD,Male,Sioux,Automation Specialist IV,2008,Chevrolet,Express 1500,"706,346 Dollar"
Rial,SAR,Female,Malaysian,Payment Adjustment Coordinator,2001,Hyundai,Tiburon,"60,243 Rial"
Kuna,HRK,Female,Sri Lankan,Information Systems Manager,1965,Volkswagen,Beetle,"468,982 Kuna"
Peso,PHP,Male,Salvadoran,Geological Engineer,2009,Ford,Edge,"6,093 Peso"
Lev,BGN,Male,Sioux,Electrical Engineer,2009,Volvo,V70,"075,370 Lev"
Dong,VND,Female,Chippewa,Chief Design Engineer,2010,Lotus,Evora,"5,932 Dong"
Ruble,BYR,Female,Iroquois,Assistant Manager,2005,Toyota,Corolla,"991,959 Ruble"
Peso,PHP,Male,Chinese,Health Coach II,1993,Chevrolet,Suburban 2500,"66,148 Peso"
Pound,GBP,Female,Lumbee,Research Associate,2008,Honda,CR-V,"2,949 Pound"
Rupiah,IDR,Male,Pima,Nurse,1992,Pontiac,Firefly,"6,212 Rupiah"
Koruna,CZK,Male,Cheyenne,Analog Circuit Design manager,2009,Dodge,Sprinter,"2,059 Koruna"
Rupiah,IDR,Female,Cherokee,Registered Nurse,1992,Oldsmobile,Cutlass Supreme,"1,956 Rupiah"
Ruble,RUB,Male,Blackfeet,Assistant Professor,2005,Scion,xA,"85,466 Ruble"
Rupee,LKR,Male,Chickasaw,VP Sales,1988,Ford,Courier,"9,625 Rupee"
Dollar,CAD,Female,Cheyenne,Pharmacist,2007,Cadillac,CTS,"46,986 Dollar"
Yuan Renminbi,CNY,Female,Ute,Structural Engineer,1996,Chevrolet,Camaro,"133,484 Yuan Renminbi"
Denar,MKD,Male,Colombian,Pharmacist,2009,Dodge,Caravan,"3,200 Denar"
Real,BRL,Male,Paraguayan,Data Coordiator,2006,Nissan,Murano,"5,188 Real"
Ruble,RUB,Female,White,Administrative Assistant I,2001,Volkswagen,Eurovan,"6,351 Ruble"
Yuan Renminbi,CNY,Female,Apache,Developer III,2004,Nissan,350Z,"639,915 Yuan Renminbi"
Peso,ARS,Female,Kiowa,Director of Sales,2002,Mercedes-Benz,CL-Class,"263,142 Peso"
Yuan Renminbi,CNY,Female,Chilean,Help Desk Technician,1998,Mitsubishi,Eclipse,"611,541 Yuan Renminbi"
Real,BRL,Male,Colville,Actuary,2004,Chevrolet,TrailBlazer,"2,902 Real"
Yuan Renminbi,CNY,Male,Houma,General Manager,2012,Lotus,Evora,"9,420 Yuan Renminbi"
Yuan Renminbi,CNY,Male,Alaska Native,Associate Professor,1996,Isuzu,Oasis,"510,097 Yuan Renminbi"
Euro,EUR,Male,Cheyenne,Accounting Assistant IV,2005,Nissan,Maxima,"95,269 Euro"
Rial,IRR,Male,Chamorro,Desktop Support Technician,2000,Audi,S4,"3,649 Rial"
Yuan Renminbi,CNY,Female,Paraguayan,Assistant Media Planner,1993,Mitsubishi,Chariot,"269,087 Yuan Renminbi"
Euro,EUR,Male,Guamanian,Quality Control Specialist,2005,Mitsubishi,Lancer,"5,858 Euro"
Ariary,MGA,Female,Pima,Assistant Manager,1984,Maserati,Quattroporte,"81,749 Ariary"
Won,KPW,Male,Bolivian,Design Engineer,1993,Mitsubishi,Montero,"261,257 Won"
Rupiah,IDR,Male,Sri Lankan,Sales Associate,1984,Ford,Tempo,"146,808 Rupiah"
Peso,PHP,Male,Nicaraguan,Senior Editor,2007,Nissan,Murano,"4,890 Peso"
Dollar,CAD,Male,Sioux,Recruiting Manager,2009,Audi,A4,"9,904 Dollar"
Yuan Renminbi,CNY,Female,Chamorro,Quality Engineer,2011,Maybach,62,"644,122 Yuan Renminbi"
Yuan Renminbi,CNY,Male,Apache,Teacher,2010,Audi,A4,"2,904 Yuan Renminbi"
Krona,SEK,Male,Spaniard,Assistant Professor,2000,Toyota,Avalon,"90,405 Krona"
Dollar,NAD,Male,Eskimo,Financial Analyst,2001,Ford,Explorer,"8,160 Dollar"
Dram,AMD,Male,Fijian,Nuclear Power Engineer,1998,Chevrolet,G-Series 2500,"7,178 Dram"
Real,BRL,Female,Navajo,Media Manager I,2004,GMC,Savana 3500,"7,288 Real"
Euro,EUR,Male,Japanese,Recruiter,2005,Lincoln,Aviator,"0,413 Euro"
Dollar,CAD,Female,Cuban,Graphic Designer,2011,Ford,Escape,"759,464 Dollar"
Peso,PHP,Male,Native Hawaiian and Other Pacific Islander (NHPI),Staff Scientist,2009,Kia,Rondo,"9,953 Peso"
Rupiah,IDR,Female,Latin American Indian,Design Engineer,1995,Chevrolet,Impala SS,"460,569 Rupiah"
Yuan Renminbi,CNY,Male,Vietnamese,Assistant Media Planner,2006,BMW,550,"1,342 Yuan Renminbi"
Franc,XPF,Male,Colombian,Chief Design Engineer,2012,Maserati,GranTurismo,"93,594 Franc"
Yuan Renminbi,CNY,Female,American Indian,Operator,2008,Kia,Rio,"167,647 Yuan Renminbi"
Dollar,USD,Female,Eskimo,Marketing Assistant,1999,Ford,Econoline E150,"03,824 Dollar"
Rupiah,IDR,Male,Kiowa,Professor,2002,BMW,5 Series,"9,834 Rupiah"
Yuan Renminbi,CNY,Female,Blackfeet,Account Representative III,1995,Porsche,911,"9,047 Yuan Renminbi"
Lempira,HNL,Female,Yaqui,Graphic Designer,1994,GMC,Rally Wagon 3500,"90,876 Lempira"
Zloty,PLN,Male,Native Hawaiian,Financial Analyst,2007,Honda,Accord,"393,947 Zloty"
Litas,LTL,Male,Native Hawaiian and Other Pacific Islander (NHPI),VP Accounting,2000,Dodge,Ram Van 1500,"90,267 Litas"
Rupiah,IDR,Female,Taiwanese,Occupational Therapist,1996,Porsche,911,"51,364 Rupiah"
Yuan Renminbi,CNY,Male,Malaysian,Analyst Programmer,2000,Mercury,Grand Marquis,"61,515 Yuan Renminbi"
Rupee,PKR,Male,Menominee,Clinical Specialist,1999,Dodge,Ram Van 3500,"8,797 Rupee"
Real,BRL,Male,Taiwanese,Health Coach III,2001,Dodge,Ram Van 1500,"518,011 Real"
Yuan Renminbi,CNY,Female,Choctaw,Professor,1986,Pontiac,Grand Am,"3,994 Yuan Renminbi"
Peso,PHP,Male,Taiwanese,Internal Auditor,1997,Jeep,Wrangler,"93,883 Peso"
Ruble,RUB,Female,Salvadoran,Graphic Designer,1994,Volkswagen,Golf III,"7,219 Ruble"
Koruna,CZK,Female,Asian,Speech Pathologist,1993,Dodge,Ram Wagon B250,"65,381 Koruna"
Pound,GBP,Male,Eskimo,Operator,2002,Chevrolet,S10,"0,213 Pound"
Yuan Renminbi,CNY,Male,Seminole,Staff Scientist,1992,Mercedes-Benz,300SE,"121,071 Yuan Renminbi"
Yuan Renminbi,CNY,Male,Indonesian,Assistant Professor,2012,Mazda,Mazda6,"241,445 Yuan Renminbi"
Lempira,HNL,Male,Pima,VP Sales,1972,Pontiac,Grand Prix,"30,811 Lempira"
Yuan Renminbi,CNY,Male,Chippewa,Registered Nurse,2010,Honda,CR-V,"1,921 Yuan Renminbi"
Euro,EUR,Female,Sri Lankan,Environmental Tech,2012,Kia,Sedona,"381,043 Euro"
Dollar,USD,Male,Central American,VP Quality Control,1997,Chevrolet,Venture,"734,585 Dollar"
Dollar,USD,Male,Puget Sound Salish,Help Desk Technician,2000,Chevrolet,Metro,"580,599 Dollar"
Zloty,PLN,Female,White,Project Manager,2006,Mercedes-Benz,CL-Class,"86,438 Zloty"
Yuan Renminbi,CNY,Male,Uruguayan,Nurse,2005,GMC,Yukon,"8,610 Yuan Renminbi"
Zloty,PLN,Male,Paraguayan,Nurse Practicioner,1998,Acura,NSX,"35,162 Zloty"
Yuan Renminbi,CNY,Female,Polynesian,Geological Engineer,1993,Chevrolet,G-Series G10,"11,553 Yuan Renminbi"
Dirham,MAD,Male,Potawatomi,Environmental Specialist,2006,Toyota,Matrix,"5,770 Dirham"
Sol,PEN,Female,Chamorro,Sales Representative,1992,Mercury,Tracer,"68,053 Sol"
Taka,BDT,Female,Cambodian,Chemical Engineer,2006,Volkswagen,Jetta,"3,192 Taka"
Yuan Renminbi,CNY,Female,Honduran,Teacher,2003,GMC,Sonoma,"9,400 Yuan Renminbi"
Dollar,CAD,Male,Korean,Social Worker,2004,Volvo,S60,"908,490 Dollar"
Peso,PHP,Female,White,Systems Administrator IV,2004,Chevrolet,Blazer,"72,664 Peso"
Dinar,JOD,Male,Menominee,Analyst Programmer,2006,BMW,325,"061,858 Dinar"
Dollar,LRD,Male,Alaska Native,VP Sales,1992,Ford,Econoline E250,"2,820 Dollar"
Yuan Renminbi,CNY,Female,Laotian,Clinical Specialist,1991,Mazda,Navajo,"045,636 Yuan Renminbi"
Dollar,CAD,Male,Choctaw,Engineer IV,1986,Chevrolet,Corvette,"83,712 Dollar"
Shilling,KES,Male,Puget Sound Salish,Assistant Media Planner,2003,Volvo,S40,"1,119 Shilling"
Lek,ALL,Male,Paiute,Senior Quality Engineer,2001,Suzuki,XL-7,"848,386 Lek"
Yuan Renminbi,CNY,Male,Eskimo,Accounting Assistant II,1995,Nissan,Quest,"5,886 Yuan Renminbi"
Krona,SEK,Male,Cheyenne,Human Resources Assistant IV,2010,Mercedes-Benz,S-Class,"909,439 Krona"
Yuan Renminbi,CNY,Female,Hmong,Analyst Programmer,1994,Toyota,Celica,"7,353 Yuan Renminbi"
Afghani,AFN,Male,South American,Recruiter,2008,Nissan,Altima,"7,332 Afghani"
Dong,VND,Female,Houma,Food Chemist,2008,Ford,Explorer,"53,264 Dong"
Yen,JPY,Male,Chickasaw,Programmer IV,2004,Mercury,Sable,"93,999 Yen"
Rupiah,IDR,Male,Yaqui,Desktop Support Technician,1995,GMC,3500 Club Coupe,"6,338 Rupiah"
Ruble,RUB,Male,Korean,Desktop Support Technician,1988,Buick,LeSabre,"7,602 Ruble"
Peso,MXN,Male,Native Hawaiian,Operator,2013,Hyundai,Sonata,"9,800 Peso"
Yuan Renminbi,CNY,Female,Yaqui,Technical Writer,2004,Isuzu,Axiom,"64,584 Yuan Renminbi"
Euro,EUR,Male,Paraguayan,Data Coordiator,2003,Saturn,VUE,"8,869 Euro"
Rupiah,IDR,Male,Eskimo,Mechanical Systems Engineer,2004,Saturn,L-Series,"9,423 Rupiah"
Euro,EUR,Male,Cuban,Financial Analyst,1993,Honda,Prelude,"7,370 Euro"
Peso,COP,Male,Bangladeshi,Web Designer I,1995,Audi,S6,"4,076 Peso"
Rupiah,IDR,Female,Native Hawaiian,Senior Cost Accountant,2006,Chevrolet,Cobalt,"05,177 Rupiah"
Yuan Renminbi,CNY,Male,Blackfeet,Product Engineer,2006,Aston Martin,DB9,"832,171 Yuan Renminbi"
Lempira,HNL,Male,Native Hawaiian,VP Quality Control,2011,Aston Martin,V8 Vantage S,"5,413 Lempira"
Dollar,USD,Male,Native Hawaiian and Other Pacific Islander (NHPI),Speech Pathologist,1966,Jensen,Interceptor,"7,608 Dollar"
Koruna,CZK,Male,Blackfeet,Project Manager,2007,Buick,Lucerne,"987,008 Koruna"
Ruble,RUB,Female,Dominican (Dominican Republic),Speech Pathologist,1994,Pontiac,Firebird,"473,576 Ruble"
Peso,PHP,Male,Pima,Administrative Assistant I,1989,Buick,Century,"7,828 Peso"
Rupiah,IDR,Female,Melanesian,Staff Scientist,1993,Lamborghini,Diablo,"795,359 Rupiah"
Rand,ZAR,Female,Aleut,Junior Executive,2007,Mazda,Mazdaspeed 3,"35,716 Rand"
Euro,EUR,Female,Sri Lankan,General Manager,1998,Mitsubishi,Diamante,"01,958 Euro"
Peso,PHP,Male,Apache,Nurse Practicioner,2005,GMC,Yukon XL 1500,"0,225 Peso"
Rial,IRR,Male,Korean,Statistician III,1995,Mitsubishi,Diamante,"67,295 Rial"
Euro,EUR,Female,Alaskan Athabascan,Help Desk Operator,2008,Land Rover,Discovery,"86,207 Euro"
Peso,CUP,Male,Chickasaw,Senior Cost Accountant,2005,BMW,530,"412,064 Peso"
Ruble,RUB,Male,Navajo,Actuary,2004,BMW,3 Series,"4,813 Ruble"
Dollar,USD,Female,Filipino,Programmer III,1992,Volvo,740,"1,480 Dollar"
Peso,MXN,Female,Samoan,Computer Systems Analyst I,1995,Dodge,Ram Van 1500,"879,618 Peso"
Euro,EUR,Male,Native Hawaiian,Dental Hygienist,2013,Chevrolet,Cruze,"43,620 Euro"
Yuan Renminbi,CNY,Male,Native Hawaiian,Office Assistant II,1993,Cadillac,Fleetwood,"702,908 Yuan Renminbi"
Rupee,LKR,Female,Comanche,Database Administrator IV,2010,Toyota,Tundra,"49,256 Rupee"
Franc,XAF,Male,Laotian,Desktop Support Technician,2012,Nissan,Leaf,"75,503 Franc"
Yuan Renminbi,CNY,Male,Paiute,Assistant Professor,1999,Hyundai,Sonata,"5,801 Yuan Renminbi"
Won,KRW,Female,American Indian and Alaska Native (AIAN),Technical Writer,1990,Ford,Mustang,"43,159 Won"
Yuan Renminbi,CNY,Male,Hmong,Biostatistician IV,2004,Pontiac,GTO,"9,720 Yuan Renminbi"
Yuan Renminbi,CNY,Male,Thai,Senior Quality Engineer,1995,Mazda,RX-7,"3,761 Yuan Renminbi"
Real,BRL,Male,Osage,Desktop Support Technician,2004,Cadillac,XLR,"37,585 Real"
Rupiah,IDR,Female,Asian Indian,Physical Therapy Assistant,2012,Honda,Accord,"7,347 Rupiah"
Somoni,TJS,Female,Chilean,Professor,1994,Dodge,Ram Van B150,"53,376 Somoni"
Yuan Renminbi,CNY,Female,Japanese,Tax Accountant,2007,Bentley,Continental,"88,222 Yuan Renminbi"
Yuan Renminbi,CNY,Male,Apache,Graphic Designer,2003,Jeep,Wrangler,"978,412 Yuan Renminbi"
Yuan Renminbi,CNY,Female,Houma,Marketing Assistant,2001,Hummer,H1,"1,464 Yuan Renminbi"
Lempira,HNL,Male,Ecuadorian,Account Coordinator,1996,Saturn,S-Series,"3,393 Lempira"
Baht,THB,Male,Peruvian,Human Resources Assistant I,1998,Ford,Mustang,"64,715 Baht"
Yuan Renminbi,CNY,Male,Cambodian,Programmer I,2003,Suzuki,Vitara,"1,262 Yuan Renminbi"
Rupiah,IDR,Female,Hmong,Structural Engineer,2002,Lincoln,Navigator,"2,838 Rupiah"
Shilling,KES,Female,Chippewa,Quality Control Specialist,1994,Lamborghini,Diablo,"752,377 Shilling"
Yuan Renminbi,CNY,Male,Blackfeet,Programmer II,1999,Dodge,Ram 1500 Club,"952,196 Yuan Renminbi"
Euro,EUR,Male,Pakistani,Nuclear Power Engineer,1984,Pontiac,Firebird,"834,933 Euro"
Rand,ZAR,Male,Colombian,Payment Adjustment Coordinator,2003,Chevrolet,Express 2500,"49,069 Rand"
Yuan Renminbi,CNY,Female,Ottawa,Human Resources Manager,1996,Oldsmobile,Aurora,"326,933 Yuan Renminbi"
Peso,CLP,Female,Uruguayan,Account Representative I,2007,BMW,X5,"4,064 Peso"
Peso,COP,Male,Pima,VP Quality Control,2007,Chevrolet,Corvette,"25,744 Peso"
Dollar,CAD,Male,Cree,Junior Executive,1996,Buick,Skylark,"521,878 Dollar"
Kuna,HRK,Female,Ottawa,Mechanical Systems Engineer,1985,Mitsubishi,Mirage,"840,741 Kuna"
Real,BRL,Male,American Indian and Alaska Native (AIAN),Physical Therapy Assistant,2004,Volvo,V70,"3,532 Real"
Peso,COP,Female,Crow,Legal Assistant,1986,Mercury,Lynx,"592,438 Peso"
Yuan Renminbi,CNY,Female,Black or African American,Senior Sales Associate,2003,Saab,5-Sep,"11,907 Yuan Renminbi"
Dollar,CAD,Male,Asian,Account Coordinator,1993,Oldsmobile,Cutlass Supreme,"726,352 Dollar"
Ariary,MGA,Female,Asian Indian,Librarian,2010,Maserati,Quattroporte,"9,626 Ariary"
Sol,PEN,Female,Vietnamese,Software Test Engineer III,1993,Mitsubishi,RVR,"78,472 Sol"
Quetzal,GTQ,Female,Latin American Indian,Financial Advisor,2011,Saab,3-Sep,"3,422 Quetzal"
Euro,EUR,Male,Cuban,Food Chemist,2011,Porsche,Cayenne,"065,793 Euro"
Yuan Renminbi,CNY,Male,Delaware,Junior Executive,2005,BMW,760,"600,828 Yuan Renminbi"
Yuan Renminbi,CNY,Female,Kiowa,Programmer I,1999,Buick,LeSabre,"82,384 Yuan Renminbi"
Peso,PHP,Male,Melanesian,Social Worker,1997,Dodge,Caravan,"0,686 Peso"
Krona,SEK,Female,Iroquois,Financial Analyst,1995,Ford,Econoline E150,"64,157 Krona"
Krona,SEK,Male,Venezuelan,Staff Scientist,2003,BMW,760,"7,487 Krona"
Peso,PHP,Female,Alaskan Athabascan,Physical Therapy Assistant,2007,Nissan,Versa,"886,417 Peso"
Boliviano,BOB,Male,Salvadoran,Accountant I,2004,Acura,RL,"0,598 Boliviano"
Yuan Renminbi,CNY,Male,Paraguayan,Staff Scientist,2011,Kia,Sorento,"232,199 Yuan Renminbi"
Euro,EUR,Male,Iroquois,Geological Engineer,1998,Lincoln,Mark VIII,"590,696 Euro"
Zloty,PLN,Male,Cambodian,Software Engineer IV,1987,Mercury,Sable,"40,139 Zloty"
Yuan Renminbi,CNY,Male,Melanesian,Help Desk Technician,1997,GMC,Sonoma Club Coupe,"15,521 Yuan Renminbi"
Peso,PHP,Female,Crow,Design Engineer,1987,Ford,Mustang,"099,054 Peso"
Euro,EUR,Male,Salvadoran,Software Engineer I,2011,Aston Martin,V8 Vantage,"19,716 Euro"
Pound,SYP,Female,Mexican,Food Chemist,2008,Toyota,4Runner,"8,960 Pound"
Rupee,MUR,Female,Sioux,Physical Therapy Assistant,2010,Audi,A5,"4,634 Rupee"
Euro,EUR,Female,Alaska Native,Quality Control Specialist,2008,Maybach,57,"8,118 Euro"
Rupiah,IDR,Female,American Indian and Alaska Native (AIAN),Payment Adjustment Coordinator,1989,Buick,Skylark,"5,482 Rupiah"
Peso,ARS,Male,Malaysian,Business Systems Development Analyst,2003,Ford,Excursion,"217,705 Peso"
Rupiah,IDR,Female,South American,Civil Engineer,1996,Chevrolet,Suburban 1500,"7,695 Rupiah"
Peso,PHP,Female,Apache,Desktop Support Technician,1997,Mitsubishi,Galant,"29,499 Peso"
Yuan Renminbi,CNY,Female,Sri Lankan,Financial Advisor,1999,Mercury,Villager,"4,665 Yuan Renminbi"
Ruble,RUB,Male,Korean,Office Assistant I,2006,Suzuki,Daewoo Magnus,"1,642 Ruble"
Rupiah,IDR,Male,Spaniard,Office Assistant IV,2007,Cadillac,CTS-V,"18,391 Rupiah"
Peso,CUP,Male,Black or African American,Research Associate,1991,Volkswagen,Golf,"11,830 Peso"
Dollar,USD,Female,Sioux,Research Associate,2003,BMW,Z4,"36,911 Dollar"
Shekel,ILS,Male,Cambodian,Compensation Analyst,2010,Cadillac,CTS,"704,300 Shekel"
Dram,AMD,Male,Sri Lankan,Senior Quality Engineer,2009,Scion,xD,"404,869 Dram"
Yen,JPY,Male,Blackfeet,Software Test Engineer II,2004,Land Rover,Discovery,"5,622 Yen"
Euro,EUR,Male,Indonesian,Registered Nurse,1989,Saab,900,"88,251 Euro"
Dollar,ZWL,Female,Paiute,Computer Systems Analyst IV,2008,Suzuki,SX4,"22,894 Dollar"
Zloty,PLN,Female,Creek,Account Coordinator,1991,Mercedes-Benz,S-Class,"006,631 Zloty"
Franc,XAF,Female,Houma,Financial Analyst,2008,BMW,3 Series,"50,190 Franc"
Krona,SEK,Female,Tongan,Financial Advisor,2003,Lexus,GX,"01,927 Krona"
Ruble,RUB,Female,Indonesian,Community Outreach Specialist,1993,Buick,Regal,"95,418 Ruble"
Euro,EUR,Male,Pakistani,Budget/Accounting Analyst IV,1996,Mazda,B-Series Plus,"752,483 Euro"
Dollar,NAD,Female,Cuban,Staff Scientist,1999,Jeep,Wrangler,"7,710 Dollar"
Yuan Renminbi,CNY,Female,Spaniard,General Manager,2001,Jeep,Wrangler,"96,066 Yuan Renminbi"
Yuan Renminbi,CNY,Female,Korean,Help Desk Technician,1993,Toyota,Previa,"59,419 Yuan Renminbi"
Yuan Renminbi,CNY,Male,Filipino,Assistant Professor,1994,Mitsubishi,GTO,"8,647 Yuan Renminbi"
Dinar,TND,Male,Ecuadorian,Help Desk Technician,2012,Lexus,HS,"1,750 Dinar"
Koruna,CZK,Female,Polynesian,Research Nurse,1967,Ford,Falcon,"35,833 Koruna"
Yuan Renminbi,CNY,Male,Cheyenne,Automation Specialist I,2000,Lamborghini,Diablo,"36,164 Yuan Renminbi"
Yuan Renminbi,CNY,Female,American Indian and Alaska Native (AIAN),Engineer III,2007,Nissan,Versa,"91,330 Yuan Renminbi"
Dollar,USD,Female,Lumbee,GIS Technical Architect,1976,Volkswagen,Golf,"667,011 Dollar"
Krone,NOK,Female,Cherokee,Mechanical Systems Engineer,1984,Ford,F250,"199,637 Krone"
Yuan Renminbi,CNY,Male,Eskimo,Physical Therapy Assistant,1977,MG,MGB,"3,905 Yuan Renminbi"
Manat,AZN,Female,Delaware,Junior Executive,2011,Honda,Odyssey,"08,942 Manat"
Yuan Renminbi,CNY,Male,Creek,Director of Sales,2001,Ford,Excursion,"0,927 Yuan Renminbi"
Yuan Renminbi,CNY,Male,Dominican (Dominican Republic),Senior Sales Associate,2011,Nissan,Rogue,"43,040 Yuan Renminbi"
Zloty,PLN,Male,Dominican (Dominican Republic),Recruiting Manager,1992,Toyota,Tercel,"95,522 Zloty"
Boliviano,BOB,Female,Paiute,Web Developer III,1987,Mazda,B-Series,"77,565 Boliviano"
Yuan Renminbi,CNY,Male,Tohono O'Odham,Nurse Practicioner,1996,Chevrolet,Blazer,"939,116 Yuan Renminbi"
Dollar,JMD,Female,Nicaraguan,Junior Executive,2009,Porsche,Cayenne,"119,645 Dollar"
Dollar,USD,Male,Shoshone,Community Outreach Specialist,1999,Honda,CR-V,"605,555 Dollar"
Yuan Renminbi,CNY,Male,Potawatomi,Software Engineer IV,2009,Chevrolet,Cobalt SS,"5,157 Yuan Renminbi"
Dollar,JMD,Male,Mexican,Help Desk Technician,1986,Audi,4000CS Quattro,"608,103 Dollar"
Ruble,RUB,Female,Spaniard,GIS Technical Architect,2003,Subaru,Outback,"368,904 Ruble"
Hryvnia,UAH,Male,Alaskan Athabascan,Administrative Assistant IV,1990,Mitsubishi,GTO,"6,206 Hryvnia"
Franc,XAF,Male,Paraguayan,Human Resources Assistant II,2000,Hyundai,Sonata,"818,075 Franc"
Yuan Renminbi,CNY,Male,Ottawa,Registered Nurse,2000,BMW,5 Series,"4,029 Yuan Renminbi"
Yuan Renminbi,CNY,Male,Alaskan Athabascan,Data Coordiator,2004,Audi,S4,"7,860 Yuan Renminbi"
Euro,EUR,Male,Iroquois,Dental Hygienist,2008,Saturn,Outlook,"3,786 Euro"
Baht,THB,Female,Yuman,Staff Accountant III,2000,Ford,Windstar,"7,240 Baht"
Ruble,RUB,Female,Ute,Marketing Assistant,1992,Dodge,D250,"5,289 Ruble"
Real,BRL,Female,Sioux,Office Assistant III,2011,Audi,S5,"432,646 Real"
Yuan Renminbi,CNY,Male,Menominee,Associate Professor,1996,Hyundai,Elantra,"546,054 Yuan Renminbi"
Euro,EUR,Female,Shoshone,Research Assistant IV,1977,Pontiac,Grand Prix,"11,240 Euro"
Won,KRW,Male,Menominee,Computer Systems Analyst II,2010,Chevrolet,Aveo,"665,801 Won"
Real,BRL,Male,Apache,Computer Systems Analyst II,2011,Cadillac,CTS,"9,134 Real"
Zloty,PLN,Female,Black or African American,Computer Systems Analyst III,2010,Ford,Explorer Sport Trac,"18,731 Zloty"
Rupiah,IDR,Female,Iroquois,Developer I,2001,Chevrolet,Impala,"450,183 Rupiah"
Ruble,RUB,Female,Tongan,Tax Accountant,2004,Subaru,Baja,"1,909 Ruble"
Dollar,CAD,Male,Aleut,Assistant Manager,1998,Infiniti,I,"310,596 Dollar"
Rupiah,IDR,Female,American Indian,Statistician III,1988,Ford,Tempo,"28,873 Rupiah"
Ruble,RUB,Female,Chickasaw,Account Coordinator,2006,Mitsubishi,Raider,"82,005 Ruble"
Yuan Renminbi,CNY,Male,Chickasaw,Product Engineer,2013,Kia,Rio,"3,691 Yuan Renminbi"
Dollar,CAD,Female,Native Hawaiian and Other Pacific Islander (NHPI),Accountant II,2011,Nissan,Versa,"987,941 Dollar"
Rupiah,IDR,Female,Ecuadorian,Web Developer II,2002,Dodge,Ram Van 2500,"13,092 Rupiah"
Yuan Renminbi,CNY,Male,Potawatomi,Internal Auditor,1997,Mercedes-Benz,SLK-Class,"401,854 Yuan Renminbi"
Rupiah,IDR,Female,Peruvian,Clinical Specialist,2002,Toyota,Tacoma Xtra,"4,682 Rupiah"
Yuan Renminbi,CNY,Female,Native Hawaiian and Other Pacific Islander (NHPI),Legal Assistant,1987,Lincoln,Continental,"823,680 Yuan Renminbi"
Hryvnia,UAH,Male,Chickasaw,Clinical Specialist,2011,Acura,RL,"3,018 Hryvnia"
Peso,ARS,Female,Ute,Media Manager II,2006,Ford,Crown Victoria,"454,391 Peso"
Yen,JPY,Male,Micronesian,Project Manager,2004,Toyota,Highlander,"26,189 Yen"
Yen,JPY,Female,Nicaraguan,Engineer I,2004,Spyker,C8 Spyder Wide Body,"72,750 Yen"
Ruble,BYR,Female,Aleut,Paralegal,1994,Chevrolet,Beretta,"2,723 Ruble"
Yuan Renminbi,CNY,Male,Pakistani,Librarian,2013,GMC,Yukon XL 2500,"3,285 Yuan Renminbi"
Yuan Renminbi,CNY,Female,Yakama,Sales Representative,2002,Chrysler,Prowler,"1,520 Yuan Renminbi"
Yuan Renminbi,CNY,Male,Chickasaw,Accounting Assistant I,2007,Chevrolet,Express 3500,"809,168 Yuan Renminbi"
Euro,EUR,Male,Cherokee,Research Associate,2001,Ford,Explorer,"8,607 Euro"
Peso,PHP,Male,Ute,Accountant IV,2012,Aston Martin,V12 Vantage,"25,000 Peso"
Peso,COP,Female,Uruguayan,Civil Engineer,1992,GMC,3500,"3,679 Peso"
Yen,JPY,Male,Laotian,General Manager,2005,Dodge,Dakota,"84,410 Yen"
Dollar,CAD,Female,Colombian,Professor,2008,Saturn,Aura,"7,931 Dollar"
Euro,EUR,Male,Vietnamese,Recruiter,2004,Cadillac,DeVille,"85,773 Euro"
Euro,EUR,Female,Puget Sound Salish,Marketing Assistant,2002,Mercedes-Benz,SLK-Class,"23,241 Euro"
Peso,ARS,Female,Bangladeshi,Graphic Designer,2007,Honda,Element,"4,442 Peso"
Euro,EUR,Male,Chinese,Analyst Programmer,2009,Hyundai,Genesis,"9,956 Euro"
Rupiah,IDR,Female,Polynesian,Structural Analysis Engineer,2001,Chevrolet,Silverado,"14,764 Rupiah"
Birr,ETB,Male,Chinese,Senior Editor,2003,Hyundai,Tiburon,"8,947 Birr"
Ruble,RUB,Female,Creek,Analyst Programmer,1994,Chevrolet,Lumina,"9,717 Ruble"
Ringgit,MYR,Female,Puerto Rican,Electrical Engineer,2009,Nissan,350Z,"93,846 Ringgit"
Euro,EUR,Female,Uruguayan,Business Systems Development Analyst,1960,Fillmore,Fillmore,"10,724 Euro"
Rupiah,IDR,Male,Venezuelan,Clinical Specialist,1999,Lexus,SC,"37,133 Rupiah"
Euro,EUR,Male,Asian Indian,Pharmacist,1994,Nissan,300ZX,"740,962 Euro"
Euro,EUR,Male,Bolivian,Senior Quality Engineer,2005,Honda,Accord,"76,791 Euro"
Lev,BGN,Male,Venezuelan,Senior Financial Analyst,2006,Subaru,Tribeca,"83,451 Lev"
Zloty,PLN,Female,Cree,Business Systems Development Analyst,1976,Pontiac,Grand Prix,"77,399 Zloty"
Rupiah,IDR,Male,Bangladeshi,Administrative Assistant I,2006,Mazda,Miata MX-5,"882,843 Rupiah"
Peso,PHP,Female,Melanesian,Clinical Specialist,1997,Isuzu,Hombre Space,"6,531 Peso"
Real,BRL,Male,Uruguayan,General Manager,2008,Chevrolet,Uplander,"861,472 Real"
Yuan Renminbi,CNY,Female,Melanesian,Product Engineer,1985,Ford,EXP,"7,723 Yuan Renminbi"
Peso,COP,Female,Eskimo,Account Coordinator,1995,GMC,Yukon,"766,980 Peso"
Peso,ARS,Male,Black or African American,Account Coordinator,1992,Chevrolet,3500,"356,477 Peso"
Zloty,PLN,Female,Hmong,Help Desk Operator,2001,Volvo,C70,"80,613 Zloty"
Peso,PHP,Female,Yuman,VP Quality Control,2001,Honda,Insight,"770,191 Peso"
Tenge,KZT,Male,Blackfeet,Teacher,1993,Nissan,NX,"0,397 Tenge"
Yuan Renminbi,CNY,Male,Chamorro,Editor,2000,Daewoo,Nubira,"55,170 Yuan Renminbi"
Rupee,LKR,Female,Cuban,Safety Technician I,2010,BMW,M3,"6,683 Rupee"
Koruna,CZK,Male,Creek,Financial Advisor,1993,Dodge,Dakota Club,"6,133 Koruna"
Yuan Renminbi,CNY,Female,American Indian and Alaska Native (AIAN),Senior Financial Analyst,2007,Honda,S2000,"546,592 Yuan Renminbi"
Won,KRW,Female,Polynesian,Assistant Manager,1999,Chevrolet,Blazer,"0,889 Won"
Shilling,TZS,Male,Puget Sound Salish,Physical Therapy Assistant,2009,BMW,Z4 M Roadster,"6,012 Shilling"
Ruble,RUB,Female,Ute,Marketing Manager,2004,Honda,Element,"820,061 Ruble"
Euro,EUR,Female,South American,Marketing Assistant,1994,Dodge,Spirit,"731,345 Euro"
Shilling,TZS,Male,Crow,Paralegal,2011,Kia,Sportage,"8,247 Shilling"
Zloty,PLN,Female,Yuman,Product Engineer,2003,Ford,Windstar,"948,619 Zloty"
Shekel,ILS,Male,Native Hawaiian,Quality Engineer,2012,Mercedes-Benz,GLK-Class,"048,559 Shekel"
Dollar,CAD,Male,Guatemalan,Registered Nurse,2012,Nissan,Cube,"109,404 Dollar"
Peso,PHP,Male,Central American,Office Assistant I,2012,Volkswagen,GTI,"65,193 Peso"
Rupiah,IDR,Male,Japanese,Staff Accountant IV,1999,Saturn,S-Series,"706,920 Rupiah"
Hryvnia,UAH,Female,Asian Indian,Financial Advisor,2011,Buick,Regal,"6,350 Hryvnia"
Tala,WST,Male,Sri Lankan,Desktop Support Technician,2007,Dodge,Magnum,"085,390 Tala"
Dirham,MAD,Male,Eskimo,Staff Scientist,2007,Hyundai,Tucson,"9,075 Dirham"
Krona,SEK,Male,Spaniard,Social Worker,2002,Daewoo,Nubira,"85,881 Krona"
Peso,PHP,Female,Tohono O'Odham,Recruiting Manager,2003,Subaru,Legacy,"3,958 Peso"
Krona,SEK,Male,Costa Rican,Internal Auditor,1996,Dodge,Stratus,"9,608 Krona"
Peso,PHP,Male,Melanesian,VP Accounting,1997,Suzuki,Esteem,"4,067 Peso"
Franc,XAF,Male,Puget Sound Salish,Sales Representative,1993,Oldsmobile,Achieva,"2,507 Franc"
Tenge,KZT,Female,Seminole,Office Assistant I,2008,Suzuki,Forenza,"40,197 Tenge"
Yuan Renminbi,CNY,Male,Latin American Indian,Financial Analyst,2011,Aston Martin,V8 Vantage S,"48,355 Yuan Renminbi"
Yuan Renminbi,CNY,Male,Delaware,Automation Specialist I,2006,Ford,E-350 Super Duty,"3,284 Yuan Renminbi"
Yuan Renminbi,CNY,Female,Kiowa,Executive Secretary,1998,Pontiac,Grand Am,"83,179 Yuan Renminbi"
Peso,PHP,Female,Menominee,Help Desk Technician,1994,Geo,Tracker,"2,410 Peso"
Euro,EUR,Female,Kiowa,GIS Technical Architect,2009,Lexus,IS F,"67,771 Euro"
Yuan Renminbi,CNY,Male,Chippewa,Sales Associate,1986,Ford,F-Series,"1,331 Yuan Renminbi"
Dinar,RSD,Female,Central American,Media Manager IV,1985,Pontiac,Sunbird,"6,252 Dinar"
Real,BRL,Female,Salvadoran,Senior Financial Analyst,1989,Mitsubishi,Pajero,"263,363 Real"
Peso,PHP,Female,Kiowa,Product Engineer,1998,Dodge,Ram 3500,"043,699 Peso"
Peso,PHP,Female,Delaware,Paralegal,2010,Honda,CR-V,"60,211 Peso"
Yuan Renminbi,CNY,Female,Pakistani,Database Administrator IV,2011,Aston Martin,V8 Vantage,"0,370 Yuan Renminbi"
Naira,NGN,Female,Alaska Native,Technical Writer,2004,Nissan,Altima,"938,920 Naira"
Real,BRL,Male,Cambodian,Statistician III,1999,Toyota,Sienna,"754,778 Real"
Dollar,USD,Female,Taiwanese,Sales Associate,2005,Lamborghini,Murci̩lago,"927,386 Dollar"
Euro,EUR,Male,Cheyenne,Human Resources Manager,1998,Pontiac,Sunfire,"74,077 Euro"
Rupiah,IDR,Female,Paiute,VP Quality Control,1997,Ford,Aspire,"411,547 Rupiah"
Dollar,USD,Male,Ottawa,Speech Pathologist,1996,Ford,E-Series,"03,227 Dollar"
Yuan Renminbi,CNY,Male,Pakistani,Programmer III,1963,Chevrolet,Corvair 500,"05,181 Yuan Renminbi"
Euro,EUR,Female,Argentinian,Media Manager II,1995,Ford,Aspire,"532,356 Euro"
Rupee,PKR,Female,Crow,Business Systems Development Analyst,1997,Chevrolet,2500,"7,521 Rupee"
Euro,EUR,Male,Black or African American,Civil Engineer,2012,Toyota,Tacoma,"15,481 Euro"
Yuan Renminbi,CNY,Female,Asian,Accountant I,2009,Dodge,Ram,"152,273 Yuan Renminbi"
Euro,EUR,Male,Yaqui,Mechanical Systems Engineer,1987,Pontiac,Firefly,"5,274 Euro"
Peso,MXN,Male,Alaska Native,Quality Engineer,2003,Toyota,MR2,"747,382 Peso"
Dollar,USD,Male,Puget Sound Salish,VP Quality Control,2001,Chevrolet,Impala,"706,779 Dollar"
Rupiah,IDR,Female,Latin American Indian,Analyst Programmer,2012,GMC,Yukon XL 1500,"8,291 Rupiah"
Koruna,CZK,Female,South American,Account Coordinator,2013,Lexus,LX,"0,846 Koruna"
Som,KGS,Female,Laotian,Software Test Engineer III,2007,Pontiac,Torrent,"27,848 Som"
Zloty,PLN,Male,Tohono O'Odham,Business Systems Development Analyst,1990,Volkswagen,Passat,"1,238 Zloty"
Shekel,ILS,Male,Micronesian,Internal Auditor,1992,Mitsubishi,RVR,"6,895 Shekel"
Ruble,RUB,Male,Thai,Dental Hygienist,2012,GMC,Sierra 3500,"345,958 Ruble"
Yuan Renminbi,CNY,Female,Salvadoran,Operator,1993,Mercedes-Benz,500E,"53,391 Yuan Renminbi"
Peso,ARS,Male,Dominican (Dominican Republic),Web Developer I,1990,Audi,200,"05,589 Peso"
Franc,XPF,Male,South American,Web Developer II,1999,Isuzu,Oasis,"140,764 Franc"
Yuan Renminbi,CNY,Female,American Indian,Associate Professor,2007,Volvo,C70,"315,997 Yuan Renminbi"
Ruble,RUB,Female,Colville,Chief Design Engineer,2003,GMC,Savana 1500,"1,715 Ruble"
Lempira,HNL,Female,South American,Assistant Media Planner,2001,Suzuki,Grand Vitara,"143,180 Lempira"
Peso,CUP,Male,Dominican (Dominican Republic),Design Engineer,2010,Lotus,Evora,"66,647 Peso"
Shekel,ILS,Male,Native Hawaiian and Other Pacific Islander (NHPI),Research Assistant II,2005,Dodge,Viper,"629,548 Shekel"
Yen,JPY,Female,Bolivian,Staff Scientist,1994,Jaguar,XJ Series,"42,746 Yen"
Peso,ARS,Female,Fijian,Executive Secretary,1994,Pontiac,Firefly,"29,575 Peso"
Rupiah,IDR,Male,Taiwanese,Office Assistant II,1992,Ford,Econoline E350,"9,561 Rupiah"
Zloty,PLN,Male,Pima,VP Marketing,2002,Chevrolet,Venture,"049,861 Zloty"
Yuan Renminbi,CNY,Male,Chippewa,Administrative Officer,2009,Mercedes-Benz,GL-Class,"4,877 Yuan Renminbi"
Krona,SEK,Male,Ecuadorian,Statistician III,2011,Mazda,RX-8,"9,904 Krona"
Lek,ALL,Female,South American,Account Coordinator,1999,BMW,Z3,"38,113 Lek"
Yuan Renminbi,CNY,Female,Samoan,Account Executive,2012,Acura,TL,"6,161 Yuan Renminbi"
Pound,SYP,Female,Spaniard,Nuclear Power Engineer,2012,Aston Martin,V12 Vantage,"793,224 Pound"
Manat,AZN,Male,Shoshone,Structural Engineer,2002,Suzuki,Esteem,"8,026 Manat"
Franc,XOF,Male,Puerto Rican,Electrical Engineer,1991,Ford,Mustang,"341,931 Franc"
Dollar,CAD,Female,Panamanian,Professor,1991,Volkswagen,Golf,"5,148 Dollar"
Yuan Renminbi,CNY,Female,Menominee,Speech Pathologist,2009,Volvo,XC90,"495,426 Yuan Renminbi"
Peso,PHP,Female,Lumbee,Editor,2001,Chevrolet,Astro,"75,866 Peso"
Euro,EUR,Female,Japanese,Senior Financial Analyst,1996,Dodge,Ram Van 3500,"48,335 Euro"
Euro,EUR,Female,Costa Rican,Accountant III,1993,Mercury,Tracer,"331,009 Euro"
Euro,EUR,Male,Polynesian,Account Executive,2006,Mercury,Montego,"11,158 Euro"
Real,BRL,Male,Cree,Web Developer I,2010,Chevrolet,Express 3500,"83,296 Real"
Rupiah,IDR,Female,Seminole,Research Nurse,1989,Pontiac,Bonneville,"23,281 Rupiah"
Euro,EUR,Female,Guatemalan,Professor,1993,Volkswagen,Jetta,"77,692 Euro"
Rupiah,IDR,Female,Latin American Indian,Account Representative IV,2002,Mitsubishi,Pajero,"0,872 Rupiah"
Real,BRL,Female,American Indian and Alaska Native (AIAN),GIS Technical Architect,2003,Ford,Windstar,"976,784 Real"
Shilling,SOS,Female,Cambodian,Developer III,1999,Chevrolet,Silverado 2500,"190,750 Shilling"
Yuan Renminbi,CNY,Male,Samoan,Information Systems Manager,1991,Audi,Coupe Quattro,"390,149 Yuan Renminbi"
Real,BRL,Female,Yuman,Staff Accountant I,2008,GMC,Yukon XL 2500,"3,880 Real"
Hryvnia,UAH,Female,Iroquois,Web Designer IV,1988,Mazda,MX-6,"126,021 Hryvnia"
Lev,BGN,Female,Guatemalan,Nurse,2004,Hummer,H1,"52,116 Lev"
Ruble,BYR,Male,Colombian,Business Systems Development Analyst,1976,Dodge,Aspen,"729,083 Ruble"
Euro,EUR,Female,Creek,Recruiting Manager,1993,Infiniti,J,"576,113 Euro"
Peso,COP,Female,Pima,Sales Associate,1998,Nissan,200SX,"0,501 Peso"
Rupiah,IDR,Male,Thai,Help Desk Technician,1992,Mercedes-Benz,E-Class,"86,501 Rupiah"
Real,BRL,Female,Melanesian,Web Designer III,1997,Plymouth,Grand Voyager,"037,772 Real"
Rupiah,IDR,Male,Indonesian,Help Desk Technician,1996,Cadillac,DeVille,"37,163 Rupiah"
Yuan Renminbi,CNY,Female,Cambodian,Internal Auditor,1992,Mitsubishi,3000GT,"6,989 Yuan Renminbi"
Real,BRL,Female,Cherokee,Graphic Designer,2001,Land Rover,Freelander,"2,130 Real"
Zloty,PLN,Female,Comanche,Structural Analysis Engineer,1994,Cadillac,DeVille,"5,731 Zloty"
Rupiah,IDR,Male,Alaska Native,Environmental Specialist,2007,Mitsubishi,Outlander,"88,871 Rupiah"
Yuan Renminbi,CNY,Male,Bangladeshi,Office Assistant II,1999,Mercedes-Benz,S-Class,"5,346 Yuan Renminbi"
Peso,PHP,Female,Puget Sound Salish,Actuary,2008,Jeep,Commander,"24,264 Peso"
Birr,ETB,Male,Delaware,Human Resources Manager,2006,Ford,E-350 Super Duty,"342,701 Birr"
Rupiah,IDR,Male,Menominee,Nuclear Power Engineer,2007,Mercury,Mountaineer,"2,016 Rupiah"
Euro,EUR,Male,Cheyenne,Financial Analyst,1999,Acura,TL,"88,840 Euro"
Peso,PHP,Female,Alaskan Athabascan,Teacher,2004,Acura,NSX,"863,924 Peso"
Dong,VND,Female,Tlingit-Haida,Research Associate,2008,Audi,RS4,"7,591 Dong"
Yuan Renminbi,CNY,Female,Delaware,Physical Therapy Assistant,1991,Toyota,Previa,"11,717 Yuan Renminbi"
Lempira,HNL,Male,Dominican (Dominican Republic),Payment Adjustment Coordinator,2009,Mercedes-Benz,S-Class,"301,913 Lempira"
Yuan Renminbi,CNY,Male,Cree,Staff Scientist,1994,BMW,7 Series,"6,562 Yuan Renminbi"
Yuan Renminbi,CNY,Female,Houma,Librarian,1992,BMW,M5,"15,676 Yuan Renminbi"
Peso,PHP,Male,Choctaw,Civil Engineer,1993,Eagle,Talon,"0,849 Peso"
Euro  ,EUR,Male,Latin American Indian,GIS Technical Architect,1999,Hummer,H1,"048,021 Euro  "
Yuan Renminbi,CNY,Male,Houma,Compensation Analyst,2012,Lexus,LS,"9,333 Yuan Renminbi"
Rupiah,IDR,Female,American Indian,VP Marketing,1968,Chevrolet,Corvette,"60,174 Rupiah"
Zloty,PLN,Male,Peruvian,Clinical Specialist,2002,Infiniti,QX,"06,813 Zloty"
Hryvnia,UAH,Male,Chilean,Geologist II,1993,Toyota,MR2,"4,780 Hryvnia"
Krona,SEK,Male,Puget Sound Salish,GIS Technical Architect,2012,Toyota,Matrix,"1,711 Krona"
Real,BRL,Male,Guatemalan,Health Coach III,1990,Subaru,Loyale,"7,567 Real"
Rupee,NPR,Female,Puerto Rican,Systems Administrator III,2005,Mercedes-Benz,SLR McLaren,"07,722 Rupee"
Peso,PHP,Female,Sioux,Dental Hygienist,2007,GMC,Canyon,"57,205 Peso"
Guarani,PYG,Female,Sioux,Safety Technician II,2012,Hyundai,Genesis,"11,714 Guarani"
Yuan Renminbi,CNY,Male,Cherokee,Sales Associate,2003,GMC,Yukon XL 2500,"008,003 Yuan Renminbi"
Rupee,MUR,Male,Laotian,Cost Accountant,1989,Ford,Aerostar,"239,141 Rupee"
Yuan Renminbi,CNY,Female,Yaqui,Food Chemist,2010,Chevrolet,Colorado,"276,010 Yuan Renminbi"
Rupiah,IDR,Female,Korean,Paralegal,1992,Plymouth,Acclaim,"25,119 Rupiah"
Kyat,MMK,Male,Tongan,Nurse,2008,Lexus,IS,"68,202 Kyat"
Peso,PHP,Male,Seminole,Senior Editor,2002,GMC,Envoy,"234,951 Peso"
Peso,COP,Male,Chippewa,Computer Systems Analyst I,1994,GMC,Yukon,"47,149 Peso"
Yuan Renminbi,CNY,Male,Bangladeshi,Database Administrator IV,2011,Mercedes-Benz,S-Class,"65,453 Yuan Renminbi"
Yuan Renminbi,CNY,Male,Puerto Rican,Food Chemist,2003,Buick,LeSabre,"8,812 Yuan Renminbi"
Yuan Renminbi,CNY,Female,Nicaraguan,Community Outreach Specialist,2005,Ford,Expedition,"671,752 Yuan Renminbi"
Euro,EUR,Female,Dominican (Dominican Republic),Senior Quality Engineer,2009,Ford,Escape,"3,487 Euro"
Kina,PGK,Female,Bolivian,Teacher,1998,Isuzu,Hombre Space,"6,040 Kina"
Yuan Renminbi,CNY,Female,White,Design Engineer,2001,Saturn,S-Series,"11,953 Yuan Renminbi"
Zloty,PLN,Female,Black or African American,Executive Secretary,1983,Renault,Alliance,"2,374 Zloty"
Peso,CLP,Female,Kiowa,Staff Scientist,1990,Volkswagen,Cabriolet,"1,163 Peso"
Shilling,UGX,Female,Thai,Graphic Designer,1995,Subaru,Legacy,"5,368 Shilling"
Zloty,PLN,Female,Hmong,Software Test Engineer III,1991,Mazda,626,"5,412 Zloty"
Real,BRL,Female,Crow,Account Representative IV,1995,Ford,Probe,"366,212 Real"
Rial,YER,Female,Venezuelan,Social Worker,2007,Toyota,Solara,"7,185 Rial"
Euro,EUR,Male,Samoan,Help Desk Operator,1995,GMC,Yukon,"0,271 Euro"
Yuan Renminbi,CNY,Female,Chickasaw,Administrative Assistant II,1994,Isuzu,Space,"919,478 Yuan Renminbi"
Real,BRL,Male,Choctaw,Financial Analyst,2004,Jaguar,X-Type,"914,055 Real"
Yuan Renminbi,CNY,Female,Cherokee,Structural Analysis Engineer,1991,Mercury,Tracer,"8,723 Yuan Renminbi"
Euro,EUR,Male,Houma,Legal Assistant,1995,Ford,F150,"78,163 Euro"
Rupiah,IDR,Female,Laotian,Product Engineer,2001,Mazda,Tribute,"08,316 Rupiah"
Yen,JPY,Female,Tohono O'Odham,VP Marketing,1994,Mitsubishi,Montero,"862,937 Yen"
Yuan Renminbi,CNY,Male,Thai,Recruiter,1994,Ford,E-Series,"2,915 Yuan Renminbi"
Peso,PHP,Female,Asian,Analyst Programmer,1987,Lotus,Esprit,"63,140 Peso"
Franc,RWF,Male,Cheyenne,Recruiter,1992,Mazda,Familia,"9,570 Franc"
Zloty,PLN,Male,Yakama,Information Systems Manager,2010,Chevrolet,Express,"985,448 Zloty"
Ruble,RUB,Female,Apache,Financial Analyst,2001,Volkswagen,rio,"775,719 Ruble"
Tugrik,MNT,Male,Micronesian,Quality Control Specialist,2006,Nissan,350Z,"99,544 Tugrik"
Euro,EUR,Male,Malaysian,Office Assistant I,1985,Buick,LeSabre,"6,373 Euro"
Dinar,TND,Male,Ute,Senior Quality Engineer,1996,Chevrolet,G-Series G30,"1,779 Dinar"
Yuan Renminbi,CNY,Male,Mexican,Sales Representative,2000,Volkswagen,Golf,"605,537 Yuan Renminbi"
Yuan Renminbi,CNY,Male,Paiute,Senior Developer,2009,Aptera,Typ-1,"5,208 Yuan Renminbi"
Yuan Renminbi,CNY,Female,Tohono O'Odham,Administrative Assistant IV,2008,Lamborghini,Murci̩lago,"41,952 Yuan Renminbi"
Yuan Renminbi,CNY,Female,Thai,VP Sales,1997,Mitsubishi,Galant,"41,027 Yuan Renminbi"
Rupiah,IDR,Female,Navajo,Community Outreach Specialist,1991,Buick,Roadmaster,"9,326 Rupiah"
Euro,EUR,Female,Samoan,Paralegal,2010,Bentley,Continental GTC,"07,493 Euro"
Krona,SEK,Male,Cambodian,Compensation Analyst,2012,Toyota,Tacoma,"9,483 Krona"
Dong,VND,Female,Osage,Senior Editor,2001,GMC,Sonoma,"06,071 Dong"
Yuan Renminbi,CNY,Female,Japanese,Paralegal,1999,Subaru,Impreza,"22,111 Yuan Renminbi"
Euro,EUR,Female,Malaysian,Compensation Analyst,2000,Chevrolet,Malibu,"07,885 Euro"
Rupiah,IDR,Female,Central American,Senior Sales Associate,1996,Oldsmobile,Silhouette,"426,087 Rupiah"
Ruble,RUB,Female,Peruvian,Senior Developer,2010,Toyota,Tundra,"425,592 Ruble"
Lek,ALL,Female,Guatemalan,Staff Accountant II,1994,Oldsmobile,Cutlass Supreme,"742,274 Lek"
Rupiah,IDR,Male,Sri Lankan,Developer I,2002,Mitsubishi,Diamante,"50,925 Rupiah"
Krona,SEK,Female,Chickasaw,Paralegal,2008,Chrysler,Town & Country,"8,202 Krona"
Peso,COP,Male,Eskimo,Structural Analysis Engineer,2007,Dodge,Dakota,"7,452 Peso"
Yuan Renminbi,CNY,Female,Chilean,Software Test Engineer II,2000,Chevrolet,Corvette,"2,505 Yuan Renminbi"
Yuan Renminbi,CNY,Male,Dominican (Dominican Republic),Associate Professor,1984,Chevrolet,Corvette,"3,008 Yuan Renminbi"
Dollar,USD,Male,Houma,Senior Financial Analyst,1994,Hummer,H1,"93,749 Dollar"
Yen,JPY,Male,Apache,Programmer Analyst IV,1998,Mercedes-Benz,CLK-Class,"694,307 Yen"
Yuan Renminbi,CNY,Female,Creek,Associate Professor,1992,Dodge,Dakota Club,"813,800 Yuan Renminbi"
Leu,MDL,Male,Creek,Legal Assistant,1998,Mazda,B-Series Plus,"96,759 Leu"
Dollar,CAD,Male,Yakama,Account Executive,2011,Ford,E350,"7,445 Dollar"
Yuan Renminbi,CNY,Male,Uruguayan,Project Manager,1992,Mercedes-Benz,190E,"6,261 Yuan Renminbi"
Krone,DKK,Male,Ute,Programmer Analyst III,2006,Bentley,Azure,"04,656 Krone"
Yuan Renminbi,CNY,Male,Pakistani,Nurse Practicioner,2006,Chevrolet,Silverado Hybrid,"989,513 Yuan Renminbi"
Rupiah,IDR,Male,Japanese,Project Manager,2005,Infiniti,Q,"5,770 Rupiah"
Yuan Renminbi,CNY,Male,Japanese,Director of Sales,1998,Toyota,Sienna,"0,663 Yuan Renminbi"
Ruble,RUB,Female,Laotian,Dental Hygienist,2011,Jaguar,XK,"57,861 Ruble"
Euro,EUR,Female,Blackfeet,Paralegal,2000,Subaru,Legacy,"61,470 Euro"
Yuan Renminbi,CNY,Male,Yaqui,Help Desk Operator,2005,Ford,F250,"5,985 Yuan Renminbi"
Yuan Renminbi,CNY,Male,Malaysian,Senior Financial Analyst,2009,Volkswagen,Jetta,"27,566 Yuan Renminbi"
Tugrik,MNT,Female,Cheyenne,Editor,2005,BMW,Z4,"84,339 Tugrik"
Euro,EUR,Female,Fijian,Automation Specialist II,2006,BMW,X5,"97,871 Euro"
Leone,SLL,Male,Blackfeet,Librarian,1990,Mitsubishi,GTO,"399,341 Leone"
Peso,MXN,Male,Bolivian,VP Sales,1988,Audi,5000CS,"6,235 Peso"
Dollar,USD,Female,Chickasaw,Graphic Designer,1987,Ford,Mustang,"6,740 Dollar"